GO	obs	exp	oddsratio	p_val	pval_adj
immune system process	38	4.8680738786279685	7.8059620596205965	1.6081106783123042e-14	7.879742323730291e-12
innate immune response	32	4.253286590709903	7.523593653410262	2.9666166097982623e-12	1.4506755221913502e-09
extracellular space	60	20.255725190839694	2.9621254946297344	4.317442410956966e-09	2.1069118965469995e-06
extracellular region	73	29.27492447129909	2.4936016511867907	4.293236263469233e-08	2.0908060603095164e-05
cell surface	29	6.634189548272808	4.371295060080107	7.95998737671881e-08	3.868553865085342e-05
external side of plasma membrane	17	2.354166666666667	7.221238938053097	4.716421123756634e-07	0.00022874642450219674
blood microparticle	14	1.3854796888504755	10.104803493449781	5.54927332658849e-07	0.00026858482900688293
regulation of complement activation	10	0.40103270223752147	24.935622317596568	9.601429168014774e-07	0.00046374902881511355
defense response to virus	12	0.996548748921484	12.041558441558442	1.513571035816899e-06	0.0007295412392637453
plasma membrane	98	48.77726750861079	2.009132635047664	2.180721672011546e-06	0.0010489271242375535
immune response	22	5.44718309859155	4.0387847446670975	6.20190486381487e-06	0.0029769143346311372
platelet degranulation	11	1.000862812769629	10.99051724137931	6.450580845373203e-06	0.0030898282249337645
integral component of plasma membrane	46	19.532577903682718	2.355039883973894	1.6098162202710336e-05	0.007694921532895541
chemotaxis	11	1.4036300777873811	7.836822660098522	3.381436786384053e-05	0.016129453471051932
proteolysis	25	7.959038290293856	3.1410830163347505	3.460047641427443e-05	0.01646982677319463
receptor-mediated endocytosis	10	1.2072538860103625	8.283261802575108	6.048576474809228e-05	0.02873073825534383
positive regulation of ERK1 and ERK2 cascade	13	2.3958333333333335	5.426086956521739	6.584064407815238e-05	0.031208465293044226
cell surface receptor signaling pathway	17	4.353765323992995	3.904666130329847	8.75099546085282e-05	0.04139220852983384
extracellular exosome	66	34.52772073921971	1.9115075825156111	8.914753048527113e-05	0.04207763438904797
adaptive immune response	12	2.203816131830009	5.445100354191263	0.0001227512654653444	0.05781584603417722
serine-type endopeptidase activity	14	3.191637630662021	4.38646288209607	0.00015569444702099447	0.0731763900998674
inflammatory response	20	6.3038869257950525	3.172645739910314	0.0001735633696370276	0.08140122035976594
apical plasma membrane	16	4.373029772329247	3.65879054865839	0.00023438012717325697	0.10968989951708426
cellular protein metabolic process	10	1.6124567474048441	6.201716738197425	0.00023841643702015962	0.11134047608841455
receptor binding	19	6.128861429832304	3.1000864055299537	0.0003060564254609632	0.14262229426480885
toll-like receptor signaling pathway	7	0.6098191214470284	11.478813559322035	0.0003173633484260704	0.14757395701812273
extracellular vesicle	8	1.0138050043140638	7.891063829787234	0.00041329675062184523	0.1917696922885362
leukocyte migration	10	1.8155844155844154	5.5078683834048645	0.0004276172945084219	0.19798680735739935
amyloid-beta binding	6	0.4079173838209983	14.708860759493671	0.0005161827588860707	0.2384764346053647
metallopeptidase activity	10	2.019064124783362	4.952789699570816	0.0007267536646487279	0.33503343940306357
receptor activity	10	2.222896790980052	4.498634412797503	0.0011792716841063473	0.5424649746889197
peptidase activity	19	7.354037267080745	2.583614864864865	0.0015719154111827327	0.7215091737328744
defense response to bacterium	7	1.6332179930795847	4.286016949152542	0.007740456745598177	1.0
neuron projection	3	3.3449477351916377	0.896875	0.6631201816710504	1.0
ubiquitin-dependent protein catabolic process	2	0.8310344827586207	2.4066390041493775	0.2777222775985993	1.0
endopeptidase activity	3	1.2435233160621761	2.4125	0.19208976355692048	1.0
secretory granule lumen	4	2.699391833188532	1.4818152558738333	0.33597297561595035	1.0
positive regulation of cell death	2	0.6227390180878553	3.211618257261411	0.20776479841147422	1.0
protease binding	5	2.2705984388551608	2.2020626432391137	0.12631806599335152	1.0
positive regulation of angiogenesis	7	1.838961038961039	3.806497175141243	0.011770973037744915	1.0
activation of cysteine-type endopeptidase activity involved in apoptotic process	3	2.2896790980052035	1.3102272727272728	0.4454389679213764	1.0
response to organic cyclic compound	2	1.6678200692041523	1.1991701244813278	0.536999149508458	1.0
leukotriene biosynthetic process	2	0.41480206540447506	4.821576763485477	0.14018141455612446	1.0
cellular oxidant detoxification	3	1.4520311149524632	2.0660714285714286	0.2413552322276088	1.0
positive regulation of catalytic activity	2	1.4580812445980986	1.3716656787196206	0.4778703660520534	1.0
multivesicular body	2	0.6227390180878553	3.211618257261411	0.20776479841147422	1.0
enzyme activator activity	2	0.8310344827586207	2.4066390041493775	0.2777222775985993	1.0
DNA binding	7	14.871232876712329	0.4707074428887251	0.9862267327828308	1.0
response to cytokine	3	1.0353753235547887	2.8975	0.14583070805823903	1.0
retina homeostasis	2	0.41480206540447506	4.821576763485477	0.14018141455612446	1.0
Golgi lumen	2	1.877922077922078	1.0650069156293223	0.5913639579669571	1.0
heme binding	2	2.088388214904679	0.9576763485477179	0.6408413857241346	1.0
iron ion binding	2	3.7853403141361257	0.5283540802213001	0.88504826339898	1.0
symporter activity	2	3.3588850174216027	0.5954356846473029	0.8449884894569815	1.0
transferase activity	2	4.213286713286713	0.4746887966804979	0.9153606891024847	1.0
ossification	2	1.0396893874029336	1.9236514522821577	0.34723035113836875	1.0
metal ion transport	2	0.41480206540447506	4.821576763485477	0.14018141455612446	1.0
platelet activation	5	0.6149870801033592	8.130252100840336	0.005272600267908171	1.0
hydrolase activity	3	0.6201550387596899	4.8375	0.0678498400374833	1.0
nucleotidyltransferase activity	2	1.4580812445980986	1.3716656787196206	0.4778703660520534	1.0
cellular-component	6	3.303135888501742	1.8164556962025316	0.16478029953408757	1.0
protein C-terminus binding	2	2.088388214904679	0.9576763485477179	0.6408413857241346	1.0
negative regulation of peptidase activity	5	1.4399308556611927	3.472388955582233	0.041048286538865754	1.0
peptidase inhibitor activity	4	1.445980985306828	2.766288105200239	0.10534915431824804	1.0
negative regulation of endopeptidase activity	5	1.2331606217616582	4.054621848739496	0.02776573908910055	1.0
hemostasis	7	1.838961038961039	3.806497175141243	0.011770973037744915	1.0
cell-cell junction	2	0.8310344827586207	2.4066390041493775	0.2777222775985993	1.0
cornified envelope	2	1.0396893874029336	1.9236514522821577	0.34723035113836875	1.0
cornification	2	0.8310344827586207	2.4066390041493775	0.2777222775985993	1.0
copper ion binding	2	0.8310344827586207	2.4066390041493775	0.2777222775985993	1.0
chaperone binding	4	1.445980985306828	2.766288105200239	0.10534915431824804	1.0
platelet alpha granule lumen	6	0.8172413793103448	7.341772151898734	0.002837334260470018	1.0
bile acid and bile salt transport	2	0.41480206540447506	4.821576763485477	0.14018141455612446	1.0
protein secretion	2	0.6227390180878553	3.211618257261411	0.20776479841147422	1.0
membrane organization	2	0.6227390180878553	3.211618257261411	0.20776479841147422	1.0
ficolin-1-rich granule membrane	2	0.6227390180878553	3.211618257261411	0.20776479841147422	1.0
microtubule binding	3	2.2896790980052035	1.3102272727272728	0.4454389679213764	1.0
perinuclear region of cytoplasm	9	9.41018766756032	0.9564102564102565	0.6057781159855716	1.0
spermatid development	2	2.088388214904679	0.9576763485477179	0.6408413857241346	1.0
protein binding	5	1.2331606217616582	4.054621848739496	0.02776573908910055	1.0
actin filament organization	3	0.8275862068965517	3.625	0.10395209375085072	1.0
cell migration	4	3.120104438642298	1.2820083682008367	0.42131559939404245	1.0
phosphatidylserine acyl-chain remodeling	2	0.6227390180878553	3.211618257261411	0.20776479841147422	1.0
lipid transport	6	1.6401384083044983	3.6582278481012658	0.021944200235981752	1.0
cholesterol binding	3	1.0353753235547887	2.8975	0.14583070805823903	1.0
vesicle	3	2.079722703639515	1.4425	0.39526309914225294	1.0
cholesterol homeostasis	3	1.2435233160621761	2.4125	0.19208976355692048	1.0
regulation of lipid metabolic process	4	1.238341968911917	3.2301255230125525	0.07713700332586529	1.0
aminopeptidase activity	2	0.41480206540447506	4.821576763485477	0.14018141455612446	1.0
protein kinase binding	2	3.1462140992167105	0.6356846473029045	0.8205387140494771	1.0
enzyme binding	7	3.4978204010462077	2.001246261216351	0.10411425840144406	1.0
brain development	2	2.510416666666667	0.7966804979253111	0.7255008191777514	1.0
nuclear outer membrane	2	1.0396893874029336	1.9236514522821577	0.34723035113836875	1.0
stimulatory C-type lectin receptor signaling pathway	2	1.0396893874029336	1.9236514522821577	0.34723035113836875	1.0
activation of MAPK activity	4	1.445980985306828	2.766288105200239	0.10534915431824804	1.0
receptor complex	4	1.6539792387543253	2.418410041841004	0.13749958820816754	1.0
lipid binding	7	4.968421052631579	1.4088983050847457	0.2792106756424879	1.0
positive regulation of cell-substrate adhesion	2	0.41480206540447506	4.821576763485477	0.14018141455612446	1.0
cell-cell adhesion	4	1.0310612597066438	3.8794979079497907	0.05331259706028939	1.0
collagen trimer	4	0.6175710594315246	6.476987447698745	0.019713501753217733	1.0
cell-cell signaling	6	3.7225130890052354	1.6118143459915613	0.2221597180920482	1.0
nucleobase-containing compound metabolic process	3	0.6201550387596899	4.8375	0.0678498400374833	1.0
cadherin binding	2	1.6678200692041523	1.1991701244813278	0.536999149508458	1.0
lipid transporter activity	2	0.41480206540447506	4.821576763485477	0.14018141455612446	1.0
acyl-CoA metabolic process	2	0.8310344827586207	2.4066390041493775	0.2777222775985993	1.0
flavin adenine dinucleotide binding	2	2.933913043478261	0.6816834617664493	0.7927005424887679	1.0
ruffle membrane	2	1.0396893874029336	1.9236514522821577	0.34723035113836875	1.0
late endosome membrane	2	0.6227390180878553	3.211618257261411	0.20776479841147422	1.0
acrosomal membrane	4	0.6175710594315246	6.476987447698745	0.019713501753217733	1.0
electron transport chain	2	2.088388214904679	0.9576763485477179	0.6408413857241346	1.0
melanosome	3	2.2896790980052035	1.3102272727272728	0.4454389679213764	1.0
negative regulation of extrinsic apoptotic signaling pathway via death domain receptors	4	0.8241379310344827	4.853556485355648	0.034154403238509705	1.0
defense response to Gram-negative bacterium	5	0.4096385542168675	12.205882352941176	0.0022998393247732523	1.0
drug binding	2	1.0396893874029336	1.9236514522821577	0.34723035113836875	1.0
cell	2	1.877922077922078	1.0650069156293223	0.5913639579669571	1.0
RAGE receptor binding	2	0.41480206540447506	4.821576763485477	0.14018141455612446	1.0
single-stranded DNA binding	2	1.4580812445980986	1.3716656787196206	0.4778703660520534	1.0
regulation of G2/M transition of mitotic cell cycle	2	0.6227390180878553	3.211618257261411	0.20776479841147422	1.0
rRNA processing	2	2.088388214904679	0.9576763485477179	0.6408413857241346	1.0
endonuclease activity	2	1.2487046632124352	1.6016597510373445	0.4143635654980944	1.0
DNA repair	5	5.866197183098592	0.8523409363745498	0.6993953960368634	1.0
double-strand break repair	3	1.0353753235547887	2.8975	0.14583070805823903	1.0
nucleic acid phosphodiester bond hydrolysis	3	1.87012987012987	1.6041666666666667	0.3439768191890753	1.0
nuclease activity	2	1.877922077922078	1.0650069156293223	0.5913639579669571	1.0
macromolecular complex assembly	3	1.6608996539792389	1.80625	0.2923575114433419	1.0
skeletal system development	2	0.8310344827586207	2.4066390041493775	0.2777222775985993	1.0
positive regulation of neuron projection development	2	0.41480206540447506	4.821576763485477	0.14018141455612446	1.0
sensory perception of sound	2	1.2487046632124352	1.6016597510373445	0.4143635654980944	1.0
positive regulation of MAPK cascade	2	1.4580812445980986	1.3716656787196206	0.4778703660520534	1.0
microtubule	2	3.5719267654751525	0.5599218940688309	0.8663847609639036	1.0
protein polyubiquitination	3	1.2435233160621761	2.4125	0.19208976355692048	1.0
monooxygenase activity	2	1.877922077922078	1.0650069156293223	0.5913639579669571	1.0
organelle membrane	4	2.4895833333333335	1.606694560669456	0.29339707223805456	1.0
phosphatidylcholine acyl-chain remodeling	4	0.8241379310344827	4.853556485355648	0.034154403238509705	1.0
electron transfer activity	2	1.6678200692041523	1.1991701244813278	0.536999149508458	1.0
negative regulation of interleukin-6 production	2	0.8310344827586207	2.4066390041493775	0.2777222775985993	1.0
carboxypeptidase activity	4	1.0310612597066438	3.8794979079497907	0.05331259706028939	1.0
phospholipase A2 activity (consuming 1	3	0.6201550387596899	4.8375	0.0678498400374833	1.0
phosphatidylglycerol acyl-chain remodeling	2	0.8310344827586207	2.4066390041493775	0.2777222775985993	1.0
NAD+ ADP-ribosyltransferase activity	3	0.6201550387596899	4.8375	0.0678498400374833	1.0
protein kinase B signaling	2	0.41480206540447506	4.821576763485477	0.14018141455612446	1.0
low-density lipoprotein particle clearance	2	0.8310344827586207	2.4066390041493775	0.2777222775985993	1.0
positive regulation of proteolysis	2	0.41480206540447506	4.821576763485477	0.14018141455612446	1.0
positive regulation of Rho protein signal transduction	2	0.41480206540447506	4.821576763485477	0.14018141455612446	1.0
macrophage differentiation	2	0.41480206540447506	4.821576763485477	0.14018141455612446	1.0
chloride transport	2	1.2487046632124352	1.6016597510373445	0.4143635654980944	1.0
cholesterol efflux	3	0.6201550387596899	4.8375	0.0678498400374833	1.0
cholesterol transporter activity	2	0.41480206540447506	4.821576763485477	0.14018141455612446	1.0
phospholipid metabolic process	4	1.238341968911917	3.2301255230125525	0.07713700332586529	1.0
phospholipase A2 activity consuming 1	3	0.6201550387596899	4.8375	0.0678498400374833	1.0
lysophospholipase activity	2	0.6227390180878553	3.211618257261411	0.20776479841147422	1.0
scavenger receptor activity	5	1.2331606217616582	4.054621848739496	0.02776573908910055	1.0
microtubule motor activity	2	0.8310344827586207	2.4066390041493775	0.2777222775985993	1.0
microtubule-based movement	2	0.8310344827586207	2.4066390041493775	0.2777222775985993	1.0
azurophil granule membrane	5	1.2331606217616582	4.054621848739496	0.02776573908910055	1.0
phosphatidylcholine biosynthetic process	3	0.41308089500860584	7.2625	0.03880633877296615	1.0
retinol metabolic process	2	1.2487046632124352	1.6016597510373445	0.4143635654980944	1.0
positive regulation of cytokine production involved in inflammatory response	2	0.6227390180878553	3.211618257261411	0.20776479841147422	1.0
cell adhesion molecule binding	3	0.8275862068965517	3.625	0.10395209375085072	1.0
positive regulation of B cell proliferation	4	1.0310612597066438	3.8794979079497907	0.05331259706028939	1.0
estradiol 17-beta-dehydrogenase activity	2	0.41480206540447506	4.821576763485477	0.14018141455612446	1.0
long-chain fatty-acyl-CoA biosynthetic process	3	0.41308089500860584	7.2625	0.03880633877296615	1.0
type I interferon signaling pathway	3	0.41308089500860584	7.2625	0.03880633877296615	1.0
serine-type endopeptidase inhibitor activity	3	0.8275862068965517	3.625	0.10395209375085072	1.0
negative regulation of viral genome replication	3	0.41308089500860584	7.2625	0.03880633877296615	1.0
phosphatidylinositol acyl-chain remodeling	3	0.41308089500860584	7.2625	0.03880633877296615	1.0
calcium-dependent phospholipase A2 activity	2	0.41480206540447506	4.821576763485477	0.14018141455612446	1.0
positive regulation of G-protein coupled receptor protein signaling pathway	2	0.41480206540447506	4.821576763485477	0.14018141455612446	1.0
arachidonic acid secretion	4	0.4113597246127367	9.723849372384937	0.009762837508391051	1.0
detection of chemical stimulus involved in sensory perception of bitter taste	3	0.8275862068965517	3.625	0.10395209375085072	1.0
immunological synapse	2	0.41480206540447506	4.821576763485477	0.14018141455612446	1.0
positive regulation of phagocytosis	2	0.6227390180878553	3.211618257261411	0.20776479841147422	1.0
B cell activation	2	0.6227390180878553	3.211618257261411	0.20776479841147422	1.0
transferase activity	2	0.41480206540447506	4.821576763485477	0.14018141455612446	1.0
positive regulation of macrophage activation	2	0.41480206540447506	4.821576763485477	0.14018141455612446	1.0
response to tumor necrosis factor	2	1.2487046632124352	1.6016597510373445	0.4143635654980944	1.0
endocytic vesicle	2	0.41480206540447506	4.821576763485477	0.14018141455612446	1.0
positive regulation of exocytosis	3	0.8275862068965517	3.625	0.10395209375085072	1.0
G-protein coupled receptor signaling pathway	3	0.6201550387596899	4.8375	0.0678498400374833	1.0
phospholipase A2 activity	4	0.6175710594315246	6.476987447698745	0.019713501753217733	1.0
calcium-mediated signaling	2	0.8310344827586207	2.4066390041493775	0.2777222775985993	1.0
macrophage activation	2	0.6227390180878553	3.211618257261411	0.20776479841147422	1.0
fatty acid beta-oxidation using acyl-CoA oxidase	3	0.41308089500860584	7.2625	0.03880633877296615	1.0
neuropeptide signaling pathway	2	1.0396893874029336	1.9236514522821577	0.34723035113836875	1.0
regulation of immune response	6	1.8467532467532468	3.2489451476793247	0.0314133625628983	1.0
endopeptidase inhibitor activity	3	0.6201550387596899	4.8375	0.0678498400374833	1.0
transcription cofactor activity	2	0.41480206540447506	4.821576763485477	0.14018141455612446	1.0
tertiary granule membrane	2	1.6678200692041523	1.1991701244813278	0.536999149508458	1.0
smooth muscle contraction	2	0.41480206540447506	4.821576763485477	0.14018141455612446	1.0
specific granule membrane	4	2.4895833333333335	1.606694560669456	0.29339707223805456	1.0
positive regulation of vasoconstriction	3	0.41308089500860584	7.2625	0.03880633877296615	1.0
clathrin-coated pit	2	0.41480206540447506	4.821576763485477	0.14018141455612446	1.0
phosphatidylethanolamine acyl-chain remodeling	3	0.6201550387596899	4.8375	0.0678498400374833	1.0
natural killer cell activation	4	0.4113597246127367	9.723849372384937	0.009762837508391051	1.0
phagocytosis	2	0.6227390180878553	3.211618257261411	0.20776479841147422	1.0
positive regulation of vascular endothelial growth factor production	2	0.41480206540447506	4.821576763485477	0.14018141455612446	1.0
regulation of blood pressure	3	1.87012987012987	1.6041666666666667	0.3439768191890753	1.0
triglyceride metabolic process	2	0.6227390180878553	3.211618257261411	0.20776479841147422	1.0
clathrin-coated vesicle membrane	2	0.41480206540447506	4.821576763485477	0.14018141455612446	1.0
structural molecule activity	6	2.885217391304348	2.0795660036166366	0.11492293375959652	1.0
peptide cross-linking	2	1.2487046632124352	1.6016597510373445	0.4143635654980944	1.0
epidermis development	2	0.8310344827586207	2.4066390041493775	0.2777222775985993	1.0
sperm-egg recognition	2	0.41480206540447506	4.821576763485477	0.14018141455612446	1.0
C-terminal protein lipidation	2	1.0396893874029336	1.9236514522821577	0.34723035113836875	1.0
protein ADP-ribosylation	2	0.8310344827586207	2.4066390041493775	0.2777222775985993	1.0
mitochondrial nucleoid	2	0.6227390180878553	3.211618257261411	0.20776479841147422	1.0
receptor internalization	2	0.41480206540447506	4.821576763485477	0.14018141455612446	1.0
retinoid metabolic process	4	1.445980985306828	2.766288105200239	0.10534915431824804	1.0
cellular response to mechanical stimulus	4	1.6539792387543253	2.418410041841004	0.13749958820816754	1.0
T cell chemotaxis	2	0.41480206540447506	4.821576763485477	0.14018141455612446	1.0
microvillus membrane	2	0.41480206540447506	4.821576763485477	0.14018141455612446	1.0
triglyceride catabolic process	2	0.41480206540447506	4.821576763485477	0.14018141455612446	1.0
DNA duplex unwinding	2	0.41480206540447506	4.821576763485477	0.14018141455612446	1.0
dioxygenase activity	2	1.6678200692041523	1.1991701244813278	0.536999149508458	1.0
positive regulation of heterotypic cell-cell adhesion	4	0.4113597246127367	9.723849372384937	0.009762837508391051	1.0
positive regulation of protein targeting to mitochondrion	3	0.41308089500860584	7.2625	0.03880633877296615	1.0
cytokine production	2	0.41480206540447506	4.821576763485477	0.14018141455612446	1.0
negative regulation of inflammatory response	2	3.1462140992167105	0.6356846473029045	0.8205387140494771	1.0
negative regulation of tumor necrosis factor production	3	0.8275862068965517	3.625	0.10395209375085072	1.0
negative regulation of T cell proliferation	2	1.0396893874029336	1.9236514522821577	0.34723035113836875	1.0
trans-Golgi network membrane	2	0.41480206540447506	4.821576763485477	0.14018141455612446	1.0
positive regulation of nitric oxide biosynthetic process	2	0.41480206540447506	4.821576763485477	0.14018141455612446	1.0
metallocarboxypeptidase activity	2	0.6227390180878553	3.211618257261411	0.20776479841147422	1.0
anchored component of membrane	3	1.6608996539792389	1.80625	0.2923575114433419	1.0
defense response	6	1.2279792746113989	4.886075949367089	0.009170172659558436	1.0
blood circulation	2	0.8310344827586207	2.4066390041493775	0.2777222775985993	1.0
defense response to fungus	3	0.41308089500860584	7.2625	0.03880633877296615	1.0
response to interferon-gamma	2	0.41480206540447506	4.821576763485477	0.14018141455612446	1.0
hemopoiesis	3	1.0353753235547887	2.8975	0.14583070805823903	1.0
caveola	2	1.2487046632124352	1.6016597510373445	0.4143635654980944	1.0
peptide catabolic process	2	0.6227390180878553	3.211618257261411	0.20776479841147422	1.0
vacuole	2	0.41480206540447506	4.821576763485477	0.14018141455612446	1.0
peroxisomal matrix	3	1.4520311149524632	2.0660714285714286	0.2413552322276088	1.0
apical part of cell	3	0.6201550387596899	4.8375	0.0678498400374833	1.0
cellular response to cytokine stimulus	2	0.41480206540447506	4.821576763485477	0.14018141455612446	1.0
negative regulation of nitric oxide biosynthetic process	2	0.41480206540447506	4.821576763485477	0.14018141455612446	1.0
osteoclast differentiation	2	0.41480206540447506	4.821576763485477	0.14018141455612446	1.0
positive regulation of cytokine production	2	0.8310344827586207	2.4066390041493775	0.2777222775985993	1.0
toll-like receptor 3 signaling pathway	2	0.41480206540447506	4.821576763485477	0.14018141455612446	1.0
response to oxidative stress	2	2.2992194275802254	0.8698604300264051	0.6854919832839375	1.0
cell periphery	2	0.6227390180878553	3.211618257261411	0.20776479841147422	1.0
intermediate filament cytoskeleton	2	0.6227390180878553	3.211618257261411	0.20776479841147422	1.0
histone binding	2	0.41480206540447506	4.821576763485477	0.14018141455612446	1.0
negative regulation of neuron death	2	0.6227390180878553	3.211618257261411	0.20776479841147422	1.0
positive regulation of tyrosine phosphorylation of STAT protein	5	1.647058823529412	3.0357142857142856	0.05757291815095188	1.0
hydrolase activity	3	0.6201550387596899	4.8375	0.0678498400374833	1.0
transporter activity	2	2.933913043478261	0.6816834617664493	0.7927005424887679	1.0
fibrinolysis	5	0.6149870801033592	8.130252100840336	0.005272600267908171	1.0
lateral plasma membrane	2	0.6227390180878553	3.211618257261411	0.20776479841147422	1.0
virus receptor activity	6	1.0224331320103537	5.868354430379747	0.005348285949494427	1.0
viral entry into host cell	6	1.0224331320103537	5.868354430379747	0.005348285949494427	1.0
axoneme	3	1.6608996539792389	1.80625	0.2923575114433419	1.0
mast cell granule	2	0.8310344827586207	2.4066390041493775	0.2777222775985993	1.0
negative regulation of growth of symbiont in host	3	0.41308089500860584	7.2625	0.03880633877296615	1.0
wound healing	4	1.445980985306828	2.766288105200239	0.10534915431824804	1.0
neuronal cell body	3	3.3449477351916377	0.896875	0.6631201816710504	1.0
spermatogenesis	9	4.507880910683013	1.9965034965034965	0.07144872960951981	1.0
hematopoietic progenitor cell differentiation	3	0.8275862068965517	3.625	0.10395209375085072	1.0
steroid biosynthetic process	2	2.088388214904679	0.9576763485477179	0.6408413857241346	1.0
fatty acid metabolic process	9	5.136084284460052	1.7523076923076923	0.11653156521835033	1.0
Golgi apparatus	11	13.721565059144677	0.801657824933687	0.7907773833625017	1.0
nuclear speck	2	3.5719267654751525	0.5599218940688309	0.8663847609639036	1.0
autophagy	2	1.877922077922078	1.0650069156293223	0.5913639579669571	1.0
transmembrane signaling receptor activity	7	3.4978204010462077	2.001246261216351	0.10411425840144406	1.0
cell adhesion	14	7.099202834366696	1.972052401746725	0.03171175131412576	1.0
multicellular organism development	8	9.014272970561997	0.8874814448292925	0.678324536775763	1.0
negative regulation of apoptotic process	4	5.460456942003515	0.7325394271000966	0.7890428409728336	1.0
positive regulation of GTPase activity	5	2.2705984388551608	2.2020626432391137	0.12631806599335152	1.0
positive regulation of cell migration	4	1.238341968911917	3.2301255230125525	0.07713700332586529	1.0
positive regulation of peptidyl-tyrosine phosphorylation	2	1.0396893874029336	1.9236514522821577	0.34723035113836875	1.0
regulation of cell shape	3	1.4520311149524632	2.0660714285714286	0.2413552322276088	1.0
protein ubiquitination	4	2.699391833188532	1.4818152558738333	0.33597297561595035	1.0
transmembrane transporter activity	2	2.721980886185925	0.7347590169166933	0.7611329637077936	1.0
endoplasmic reticulum membrane	13	17.430683918669132	0.7458112407211028	0.8655297630608986	1.0
transmembrane transport	8	9.450402144772118	0.8465248226950355	0.7216415698308826	1.0
positive regulation of cell proliferation	5	6.296296296296297	0.7941176470588235	0.7496925609945186	1.0
oxidoreductase activity	12	14.556164383561645	0.8243929983060417	0.7705593543600927	1.0
oxidation-reduction process	13	17.202216066481995	0.7557165861513687	0.8552657569307753	1.0
phosphatidic acid biosynthetic process	2	1.6678200692041523	1.1991701244813278	0.536999149508458	1.0
mitochondrial matrix	4	8.285333333333334	0.482780817508851	0.9558214567485688	1.0
ligase activity	4	2.4895833333333335	1.606694560669456	0.29339707223805456	1.0
regulation of transcription from RNA polymerase II promoter	2	4.427821522309711	0.45168938944872555	0.9275446610867633	1.0
negative regulation of transcription from RNA polymerase II promoter	3	4.6234676007005255	0.6488636363636363	0.8338255923187243	1.0
regulation of gene expression	3	1.4520311149524632	2.0660714285714286	0.2413552322276088	1.0
protein domain specific binding	2	1.4580812445980986	1.3716656787196206	0.4778703660520534	1.0
fatty acid biosynthetic process	3	1.87012987012987	1.6041666666666667	0.3439768191890753	1.0
cholesterol metabolic process	3	2.7106863596872284	1.1067307692307693	0.5401599122300905	1.0
collagen catabolic process	3	0.8275862068965517	3.625	0.10395209375085072	1.0
zinc ion binding	10	8.077333333333334	1.2380323539121822	0.33305429581032686	1.0
extracellular matrix	10	3.4533565823888406	2.8957334006564	0.010691588299380286	1.0
metalloendopeptidase activity	5	1.0267471958584988	4.869747899159663	0.017575987662017026	1.0
extracellular matrix disassembly	5	1.4399308556611927	3.472388955582233	0.041048286538865754	1.0
proteinaceous extracellular matrix	6	5.201931518876207	1.1534177215189874	0.4518856000084996	1.0
ion transmembrane transport	5	4.160839160839161	1.2016806722689075	0.4388072782902973	1.0
O-glycan processing	2	1.2487046632124352	1.6016597510373445	0.4143635654980944	1.0
carbohydrate binding	4	2.699391833188532	1.4818152558738333	0.33597297561595035	1.0
Golgi membrane	3	5.915492957746479	0.5071428571428571	0.9245435271541208	1.0
regulation of cardiac conduction	2	1.2487046632124352	1.6016597510373445	0.4143635654980944	1.0
calcium ion transport	4	1.238341968911917	3.2301255230125525	0.07713700332586529	1.0
sodium ion transport	3	3.7696335078534036	0.7958333333333333	0.7308422519121862	1.0
cell projection	13	10.539083557951482	1.2335038363171356	0.30332888217980514	1.0
calcium ion transmembrane transport	2	1.2487046632124352	1.6016597510373445	0.4143635654980944	1.0
basolateral plasma membrane	6	3.303135888501742	1.8164556962025316	0.16478029953408757	1.0
ion transport	6	11.529729729729729	0.5203938115330521	0.9629617910959074	1.0
dendrite	4	3.5422842197035744	1.129214865862663	0.5038391617037232	1.0
cellular calcium ion homeostasis	2	1.0396893874029336	1.9236514522821577	0.34723035113836875	1.0
lyase activity	2	3.9991266375545855	0.5001091941471937	0.9012804751348986	1.0
single fertilization	5	1.0267471958584988	4.869747899159663	0.017575987662017026	1.0
female pregnancy	3	1.6608996539792389	1.80625	0.2923575114433419	1.0
G-protein coupled receptor activity	10	8.506678539626002	1.1755469486025332	0.38342311096784876	1.0
signal transducer activity	14	8.996428571428572	1.556173084557364	0.11092649947367615	1.0
G-protein coupled receptor signaling pathway	21	9.341092211280214	2.2481311098332375	0.0034113231024980586	1.0
steroid metabolic process	5	2.897391304347826	1.7256902761104442	0.21928566119921272	1.0
protein heterodimerization activity	3	3.982532751091703	0.7532894736842105	0.7604783354595586	1.0
mitochondrion	18	42.244897959183675	0.4260869565217391	0.9999062410029441	1.0
transcription	6	14.017288444040037	0.42804284323271663	0.9905336641923144	1.0
cell junction	6	6.055506607929516	0.9908336970755128	0.5793895631245365	1.0
lysosomal membrane	9	3.468177855274629	2.5950226244343892	0.024337700021273875	1.0
neutrophil degranulation	17	8.251113089937666	2.060328081156918	0.014446261684517474	1.0
intracellular membrane-bounded organelle	14	11.357078449053201	1.2327113934100833	0.2945036257960484	1.0
lysosomal lumen	2	3.5719267654751525	0.5599218940688309	0.8663847609639036	1.0
lysosome	11	6.769230769230769	1.625	0.12205785907661973	1.0
cytoplasmic vesicle	14	6.681697612732096	2.095275903136165	0.022237300720231903	1.0
positive regulation of transcription from RNA polymerase II promoter	7	8.181333333333333	0.855606258148631	0.7067410331502832	1.0
helicase activity	3	1.87012987012987	1.6041666666666667	0.3439768191890753	1.0
nucleolus	4	13.675749318801088	0.29248854353456866	0.9986249391863322	1.0
cytoplasm	62	81.69825436408978	0.7588901437685053	0.9655880223717802	1.0
cytosol	34	62.210702341137115	0.5465297564647063	0.9995180956774199	1.0
membrane	133	101.9867549668874	1.3040909090909092	0.03529656211203913	1.0
endoplasmic reticulum	22	27.544927536231885	0.7986951489003472	0.8521745496237814	1.0
cell proliferation	7	4.968421052631579	1.4088983050847457	0.2792106756424879	1.0
metal ion binding	41	37.9265306122449	1.081037451571244	0.3712836529100393	1.0
cell differentiation	7	9.27142857142857	0.7550077041602465	0.8056242117977777	1.0
nucleus	33	73.90243902439025	0.44653465346534654	0.9999953872709939	1.0
apoptotic process	9	10.064516129032258	0.8942307692307693	0.6743133242680754	1.0
ATP binding	17	15.786764705882353	1.0768514205868653	0.4400377949435483	1.0
protein binding	122	132.77297297297298	0.9188617025607622	0.748796174923122	1.0
RNA binding	13	18.348794063079776	0.7084934277047523	0.9010062733343539	1.0
hydrolase activity	40	24.422521655437922	1.6378325123152708	0.009684022702112473	1.0
nucleotide binding	19	20.363636363636363	0.9330357142857143	0.6454446420050799	1.0
nucleic acid binding	5	9.12934879571811	0.5476841899550517	0.937699763103154	1.0
lipid catabolic process	6	3.303135888501742	1.8164556962025316	0.16478029953408757	1.0
hydrolase activity	3	2.079722703639515	1.4425	0.39526309914225294	1.0
metabolic process	11	8.256227758007118	1.3323275862068966	0.2543360485438967	1.0
carbohydrate metabolic process	4	3.9659388646288205	1.0085884166483154	0.5808073500067539	1.0
regulation of transcription	6	15.395242451967064	0.38973078980210374	0.9957364737489349	1.0
ubiquitin protein ligase binding	4	2.699391833188532	1.4818152558738333	0.33597297561595035	1.0
intracellular	9	14.972577696526509	0.6010989010989011	0.9486796450499306	1.0
focal adhesion	4	3.753926701570681	1.0655509065550905	0.5431470561120602	1.0
actin binding	2	3.1462140992167105	0.6356846473029045	0.8205387140494771	1.0
calcium ion binding	12	9.719785138764546	1.2345951920420006	0.31264507758597976	1.0
brush border	3	1.2435233160621761	2.4125	0.19208976355692048	1.0
integrin binding	3	0.8275862068965517	3.625	0.10395209375085072	1.0
regulation of apoptotic process	5	3.527462946817786	1.417449332674246	0.3269536368658774	1.0
macromolecular complex	7	5.6042216358839045	1.2490583804143127	0.3699684939202855	1.0
positive regulation of apoptotic process	2	5.28972783143108	0.37809128630705396	0.9616164222376691	1.0
nucleoplasm	16	34.094861660079054	0.46927892418270345	0.9991020467222312	1.0
cytoskeleton	10	14.682191780821919	0.681097219630528	0.901910468028815	1.0
positive regulation of protein serine/threonine kinase activity	2	0.41480206540447506	4.821576763485477	0.14018141455612446	1.0
identical protein binding	12	14.108477666362807	0.8505524326419849	0.7386532795666176	1.0
protein phosphorylation	4	5.031578947368422	0.7949790794979079	0.7397849265646725	1.0
magnesium ion binding	2	2.510416666666667	0.7966804979253111	0.7255008191777514	1.0
protein homodimerization activity	14	9.63563115487914	1.4529406299358916	0.15222886929802967	1.0
signal transduction	31	21.90331753554502	1.4153107149039295	0.07107358048951955	1.0
intracellular signal transduction	4	4.604203152364273	0.8687713959680486	0.6823449595881322	1.0
transferase activity	12	28.290260366441657	0.4241742509459045	0.9992539718993225	1.0
negative regulation of cell proliferation	3	7.221238938053097	0.41544117647058826	0.9677388851689509	1.0
protein kinase activity	3	4.409448818897638	0.6803571428571429	0.8118277393118241	1.0
protein stabilization	3	1.0353753235547887	2.8975	0.14583070805823903	1.0
integral component of membrane	103	79.91902834008097	1.2888044579533942	0.045279408524387985	1.0
lipid metabolic process	25	14.586617781851512	1.7138997109463365	0.02134076392805185	1.0
positive regulation of protein phosphorylation	6	2.676802780191138	2.2414800389483935	0.09332438668984437	1.0
phosphatase activity	2	1.6678200692041523	1.1991701244813278	0.536999149508458	1.0
cilium	7	4.335958005249344	1.6144067796610169	0.19556134399377317	1.0
peroxisome	6	2.46875	2.430379746835443	0.07413270135127914	1.0
post-translational protein modification	8	2.447916666666667	3.2680851063829786	0.013279032836545612	1.0
endoplasmic reticulum lumen	9	4.090909090909091	2.2	0.048572328331428036	1.0
potassium ion transport	2	1.877922077922078	1.0650069156293223	0.5913639579669571	1.0
regulation of inflammatory response	5	0.8206896551724139	6.092436974789916	0.010206660961229035	1.0
positive regulation of interferon-gamma production	4	0.8241379310344827	4.853556485355648	0.034154403238509705	1.0
positive regulation of inflammatory response	4	1.238341968911917	3.2301255230125525	0.07713700332586529	1.0
positive regulation of T cell proliferation	4	1.445980985306828	2.766288105200239	0.10534915431824804	1.0
positive regulation of interleukin-6 production	2	0.8310344827586207	2.4066390041493775	0.2777222775985993	1.0
cellular response to lipopolysaccharide	7	1.838961038961039	3.806497175141243	0.011770973037744915	1.0
response to virus	5	1.647058823529412	3.0357142857142856	0.05757291815095188	1.0
negative regulation of interferon-gamma production	2	0.41480206540447506	4.821576763485477	0.14018141455612446	1.0
macromolecular complex binding	2	1.4580812445980986	1.3716656787196206	0.4778703660520534	1.0
negative regulation of gene expression	6	2.053726169844021	2.921518987341772	0.043198796277925604	1.0
response to ethanol	2	3.3588850174216027	0.5954356846473029	0.8449884894569815	1.0
response to drug	4	3.5422842197035744	1.129214865862663	0.5038391617037232	1.0
biological-process	5	6.944297082228117	0.7200152788388082	0.813057845089294	1.0
response to estradiol	2	1.0396893874029336	1.9236514522821577	0.34723035113836875	1.0
positive regulation of gene expression	7	2.8730434782608696	2.4364406779661016	0.05522976113168686	1.0
nuclear chromatin	2	1.4580812445980986	1.3716656787196206	0.4778703660520534	1.0
apoptotic signaling pathway	3	2.079722703639515	1.4425	0.39526309914225294	1.0
ion channel activity	2	2.088388214904679	0.9576763485477179	0.6408413857241346	1.0
endosome membrane	5	2.4791666666666665	2.0168067226890756	0.15502538626136128	1.0
regulation of ion transmembrane transport	2	2.721980886185925	0.7347590169166933	0.7611329637077936	1.0
voltage-gated ion channel activity	2	2.2992194275802254	0.8698604300264051	0.6854919832839375	1.0
ubiquitin protein ligase activity	2	1.0396893874029336	1.9236514522821577	0.34723035113836875	1.0
mitochondrial inner membrane	3	14.890510948905108	0.20147058823529412	0.9998651824791555	1.0
inner dynein arm assembly	2	0.41480206540447506	4.821576763485477	0.14018141455612446	1.0
cell cortex	3	0.6201550387596899	4.8375	0.0678498400374833	1.0
negative regulation of catalytic activity	2	0.8310344827586207	2.4066390041493775	0.2777222775985993	1.0
protein dephosphorylation	2	0.8310344827586207	2.4066390041493775	0.2777222775985993	1.0
protein tyrosine phosphatase activity	2	0.8310344827586207	2.4066390041493775	0.2777222775985993	1.0
peptidyl-tyrosine dephosphorylation	2	0.8310344827586207	2.4066390041493775	0.2777222775985993	1.0
late endosome	2	1.2487046632124352	1.6016597510373445	0.4143635654980944	1.0
early endosome	7	2.6655082536924413	2.626140808344198	0.0429277768596323	1.0
positive regulation of I-kappaB kinase/NF-kappaB signaling	6	3.303135888501742	1.8164556962025316	0.16478029953408757	1.0
protein transport	2	5.28972783143108	0.37809128630705396	0.9616164222376691	1.0
viral process	8	3.6910994764397906	2.1673758865248227	0.06443404105932984	1.0
phospholipid binding	4	1.238341968911917	3.2301255230125525	0.07713700332586529	1.0
positive regulation of defense response to virus by host	2	0.41480206540447506	4.821576763485477	0.14018141455612446	1.0
secretory granule	4	1.8623376623376624	2.1478382147838215	0.1730225526778269	1.0
endocytosis	3	0.8275862068965517	3.625	0.10395209375085072	1.0
response to lipopolysaccharide	8	4.108391608391608	1.9472340425531915	0.09413634894820933	1.0
positive regulation of NF-kappaB import into nucleus	2	0.41480206540447506	4.821576763485477	0.14018141455612446	1.0
secretory granule membrane	3	0.8275862068965517	3.625	0.10395209375085072	1.0
positive regulation of tumor necrosis factor production	3	0.8275862068965517	3.625	0.10395209375085072	1.0
MyD88-dependent toll-like receptor signaling pathway	2	0.41480206540447506	4.821576763485477	0.14018141455612446	1.0
defense response to Gram-positive bacterium	5	1.647058823529412	3.0357142857142856	0.05757291815095188	1.0
positive regulation of NF-kappaB transcription factor activity	6	1.4338807260155575	4.184448462929476	0.014608875959384478	1.0
nuclear matrix	2	0.8310344827586207	2.4066390041493775	0.2777222775985993	1.0
GTPase activity	2	2.721980886185925	0.7347590169166933	0.7611329637077936	1.0
GTP binding	5	3.527462946817786	1.417449332674246	0.3269536368658774	1.0
response to nutrient	2	1.877922077922078	1.0650069156293223	0.5913639579669571	1.0
adenylate cyclase-inhibiting G-protein coupled receptor signaling pathway	2	0.41480206540447506	4.821576763485477	0.14018141455612446	1.0
sarcolemma	3	1.2435233160621761	2.4125	0.19208976355692048	1.0
enzyme inhibitor activity	2	0.41480206540447506	4.821576763485477	0.14018141455612446	1.0
cilium movement	6	0.8172413793103448	7.341772151898734	0.002837334260470018	1.0
positive regulation of cell growth	4	1.0310612597066438	3.8794979079497907	0.05331259706028939	1.0
intercellular bridge	2	0.41480206540447506	4.821576763485477	0.14018141455612446	1.0
chemokine-mediated signaling pathway	6	0.8172413793103448	7.341772151898734	0.002837334260470018	1.0
cellular response to tumor necrosis factor	4	2.07105719237435	1.9313807531380753	0.2112849136186628	1.0
regulation of receptor activity	7	7.316209034543845	0.9567796610169491	0.607198780822821	1.0
cell chemotaxis	3	0.6201550387596899	4.8375	0.0678498400374833	1.0
cellular response to interferon-gamma	3	1.0353753235547887	2.8975	0.14583070805823903	1.0
cellular response to starvation	2	1.0396893874029336	1.9236514522821577	0.34723035113836875	1.0
cellular response to DNA damage stimulus	5	6.72791519434629	0.743172268907563	0.7935032796946446	1.0
cell cycle	2	7.471213463241807	0.2676941315945465	0.9927145974710545	1.0
integrin-mediated signaling pathway	2	0.8310344827586207	2.4066390041493775	0.2777222775985993	1.0
cell-matrix adhesion	5	1.0267471958584988	4.869747899159663	0.017575987662017026	1.0
acrosomal vesicle	2	2.510416666666667	0.7966804979253111	0.7255008191777514	1.0
angiogenesis	5	3.527462946817786	1.417449332674246	0.3269536368658774	1.0
meiotic cell cycle	2	2.510416666666667	0.7966804979253111	0.7255008191777514	1.0
extracellular matrix organization	5	1.8545454545454545	2.696078431372549	0.07736665032590262	1.0
azurophil granule lumen	3	1.4520311149524632	2.0660714285714286	0.2413552322276088	1.0
ATPase activity	3	1.0353753235547887	2.8975	0.14583070805823903	1.0
molecular-function	8	8.796791443850267	0.9094224924012158	0.6552030271737667	1.0
positive regulation of transcription	5	4.3727034120734904	1.1434573829531813	0.4754187012165257	1.0
collagen binding	2	1.4580812445980986	1.3716656787196206	0.4778703660520534	1.0
cellular response to leukemia inhibitory factor	2	1.877922077922078	1.0650069156293223	0.5913639579669571	1.0
heparin binding	6	2.885217391304348	2.0795660036166366	0.11492293375959652	1.0
membrane raft	3	4.409448818897638	0.6803571428571429	0.8118277393118241	1.0
intrinsic component of plasma membrane	2	0.41480206540447506	4.821576763485477	0.14018141455612446	1.0
peroxisomal membrane	2	0.6227390180878553	3.211618257261411	0.20776479841147422	1.0
mitochondrial outer membrane	3	3.5571054925893635	0.8433823529411765	0.6984132390249636	1.0
cytokine activity	6	5.414762741652021	1.1080817916260954	0.48487029458435477	1.0
positive regulation of cell-matrix adhesion	2	0.41480206540447506	4.821576763485477	0.14018141455612446	1.0
neutrophil chemotaxis	5	0.4096385542168675	12.205882352941176	0.0022998393247732523	1.0
cellular response to interleukin-1	6	1.0224331320103537	5.868354430379747	0.005348285949494427	1.0
microvillus	2	0.8310344827586207	2.4066390041493775	0.2777222775985993	1.0
response to endoplasmic reticulum stress	2	0.41480206540447506	4.821576763485477	0.14018141455612446	1.0
ubiquitin-protein transferase activity	3	1.4520311149524632	2.0660714285714286	0.2413552322276088	1.0
binding	4	1.6539792387543253	2.418410041841004	0.13749958820816754	1.0
cell division	2	3.7853403141361257	0.5283540802213001	0.88504826339898	1.0
cilium assembly	2	2.2992194275802254	0.8698604300264051	0.6854919832839375	1.0
motile cilium	3	2.079722703639515	1.4425	0.39526309914225294	1.0
cytoskeleton organization	3	0.8275862068965517	3.625	0.10395209375085072	1.0
actin cytoskeleton reorganization	2	0.41480206540447506	4.821576763485477	0.14018141455612446	1.0
regulation of cell proliferation	9	2.2324371205550735	4.031468531468532	0.0034089865406615304	1.0
peptidyl-tyrosine phosphorylation	2	1.0396893874029336	1.9236514522821577	0.34723035113836875	1.0
axon	2	2.510416666666667	0.7966804979253111	0.7255008191777514	1.0
positive regulation of cytosolic calcium ion concentration	5	1.8545454545454545	2.696078431372549	0.07736665032590262	1.0
transmembrane receptor protein tyrosine kinase signaling pathway	3	0.8275862068965517	3.625	0.10395209375085072	1.0
protein tyrosine kinase activity	2	1.0396893874029336	1.9236514522821577	0.34723035113836875	1.0
endosome	11	7.192205491585473	1.529433497536946	0.15506037885280993	1.0
mitochondrial intermembrane space	2	1.877922077922078	1.0650069156293223	0.5913639579669571	1.0
peptide binding	3	1.0353753235547887	2.8975	0.14583070805823903	1.0
catalytic activity	11	10.412926391382406	1.0563793103448276	0.490899703757819	1.0
dephosphorylation	2	3.1462140992167105	0.6356846473029045	0.8205387140494771	1.0
centrosome	4	6.106607929515419	0.6550281344683306	0.8486851829413901	1.0
microtubule organizing center	3	4.6234676007005255	0.6488636363636363	0.8338255923187243	1.0
cytokine-mediated signaling pathway	8	7.5	1.0666666666666667	0.499155037449458	1.0
blood coagulation	10	3.4533565823888406	2.8957334006564	0.010691588299380286	1.0
intracellular ribonucleoprotein complex	2	6.812720848056537	0.29356846473029047	0.9878954850359469	1.0
serine-type peptidase activity	10	2.631624674196351	3.7999339716077913	0.002765354869486502	1.0
early endosome membrane	3	1.4520311149524632	2.0660714285714286	0.2413552322276088	1.0
vitamin transport	2	0.41480206540447506	4.821576763485477	0.14018141455612446	1.0
