GO	obs	exp	oddsratio	pval	pval_adj
immune system process	48	5.625022831050228	8.533298697925122	9.789957216590979e-24	7.587216842858009e-21
extracellular space	82	19.75630899633982	4.150572863341622	6.2111957219798496e-21	4.807465488812404e-18
innate immune response	41	5.24507658643326	7.816854401335002	1.5605896710737433e-19	1.2063358157400036e-16
extracellular region	99	30.45088566827697	3.251136964569011	5.04532420636243e-18	3.894990287311796e-15
regulation of complement activation	14	0.35857860732232594	39.04304304304304	1.2187770456300813e-13	9.396771021807926e-11
extracellular exosome	100	38.19271372386669	2.618300462308072	3.5593419106880797e-13	2.7406932712298216e-10
complement activation	12	0.18026905829596412	66.56716417910448	5.260702201141919e-13	4.045479992678136e-10
immune response	28	4.054103122730574	6.906583072100314	6.475915633129637e-13	4.973503206243562e-10
blood microparticle	17	1.2470757603023213	13.631890331890332	7.109353439752891e-12	5.452874088290467e-09
serine-type endopeptidase activity	20	2.2429602888086646	8.91678738129728	3.135404963217713e-11	2.401720201824768e-08
inflammatory response	27	5.129326047358834	5.263849431818182	2.515319953827848e-10	1.9242197646783037e-07
integral component of membrane	149	78.38738738738738	1.900815998161131	1.4189683331732054e-08	1.084091806544329e-05
defense response to virus	15	1.795241528478731	8.355421686746988	1.6694134140773567e-08	1.2737624349410232e-05
complement activation	8	0.18242152466367711	43.85447394296952	1.8084341381549377e-08	1.3780268132740625e-05
integral component of plasma membrane	58	23.04839334107627	2.5164443847213356	1.993512117697165e-08	1.5170627215675426e-05
leukocyte migration	16	2.2102508572459847	7.238997305462562	2.7581573982702318e-08	2.0961996226853762e-05
neutrophil degranulation	28	7.43221427261053	3.767383309061289	5.992332615104529e-08	4.548180454864337e-05
external side of plasma membrane	18	3.156018099547511	5.703389344497333	7.56801330639876e-08	5.73655408625026e-05
plasma membrane	131	70.73203236554022	1.8520604543496986	1.2012959285997096e-07	9.093810179499801e-05
lipid metabolic process	31	9.451994091580502	3.2797312080012504	1.9008455798906066e-07	0.00014370392583972985
proteolysis	34	11.157816561455626	3.047191160809372	2.4125004710410393e-07	0.00018214378556359847
platelet degranulation	14	1.981785392245266	7.064337064337065	2.506731329254123e-07	0.00018900754222576086
cell surface	29	9.209739900387381	3.1488402836197573	9.13624999037859e-07	0.0006879596242755078
extracellular vesicle	10	0.9694354548723482	10.315281899109792	9.53795628353534e-07	0.0007172543125218576
serine-type peptidase activity	13	1.9271547060944827	6.745696107784431	1.005750814700596e-06	0.0007553188618401476
toll-like receptor signaling pathway	9	0.7287100251527129	12.350591715976332	1.1474982818090387e-06	0.0008606237113567791
chemotaxis	13	1.987736699729486	6.540101614951914	1.3287879445317275e-06	0.0009952621704542638
defense response to bacterium	12	1.6900900900900901	7.100213219616204	1.693399680820347e-06	0.0012666629612536197
adaptive immune response	13	2.048340548340548	6.346600915815428	1.741008313669616e-06	0.0013005332103112031
cilium movement	7	0.36611629576453697	19.119607843137256	2.8115019125647277e-06	0.0020973804267732867
apical plasma membrane	21	5.82992700729927	3.6021034180543383	4.205724420346029e-06	0.0031332646931577918
chemokine-mediated signaling pathway	7	0.48833034111310597	14.334558823529411	9.51443556713913e-06	0.0070787400619515125
cell surface receptor signaling pathway	18	4.787195343761368	3.760030395136778	1.1627100059702729e-05	0.008638935344359127
cytolysis	5	0.12266857962697274	40.760233918128655	1.2757363883042801e-05	0.009465964001217759
antimicrobial humoral response	5	0.12266857962697274	40.760233918128655	1.2757363883042801e-05	0.009465964001217759
positive regulation of heterotypic cell-cell adhesion	5	0.12266857962697274	40.760233918128655	1.2757363883042801e-05	0.009465964001217759
hemostasis	9	1.0942446043165466	8.224852071005918	1.3357022032493183e-05	0.009870839282012461
cellular protein metabolic process	14	3.1335504885993486	4.467775467775468	2.0471348527848418e-05	0.015107855213552132
positive regulation of ERK1 and ERK2 cascade	14	3.194389140271493	4.382684571363817	2.452802389378003e-05	0.018077153609715884
platelet alpha granule	5	0.18403587443946187	27.16861598440546	3.238615648591676e-05	0.023836211173634735
dynein light chain binding	5	0.18403587443946187	27.16861598440546	3.238615648591676e-05	0.023836211173634735
lysosome	21	7.167460608281422	2.9299079754601225	6.126846251738783e-05	0.04497105148776267
negative regulation of viral genome replication	5	0.24542518837459634	20.37280701754386	6.937467051686029e-05	0.05085163348885859
regulation of immune response	8	1.0974820143884891	7.289413307112422	7.85255567986921e-05	0.057480707576642615
receptor activity	15	4.158286440370303	3.607255107386066	8.785630263913997e-05	0.06422295722921131
peptidase activity	25	9.815259560317754	2.547054394880482	0.00010195477618085633	0.07442698661202513
receptor binding	21	7.472950669356318	2.810134969325153	0.0001027997000076866	0.07494098130560353
membrane	185	122.69943289224953	1.5077494299624083	0.00013057091113755033	0.09505562330813663
fibrinolysis	5	0.30683653328548355	16.295321637426902	0.00013210508954662704	0.09604040010039785
negative regulation of blood coagulation	4	0.12302725968436154	32.5131195335277	0.00015790088069883264	0.1146360393873525
neutrophil chemotaxis	6	0.6124281609195402	9.797067448680352	0.00018734523498716187	0.13582529536569235
defense response to Gram-negative bacterium	6	0.6124281609195402	9.797067448680352	0.00018734523498716187	0.13582529536569235
receptor-mediated endocytosis	11	2.5491329479768785	4.315192743764173	0.00019528096695802354	0.141188139110651
hydrolase activity	54	29.931041296186525	1.8041470547461398	0.0002089806242753341	0.15088401072679122
acrosomal membrane	5	0.3682699210337401	13.576998050682262	0.000230610760230452	0.1662703581261559
response to virus	8	1.3423326133909286	5.959774738535801	0.00023926591829136602	0.17227146116978354
antioxidant activity	4	0.18457399103139013	21.671525753158406	0.0003514255697888671	0.25267498467819544
natural killer cell activation	4	0.18457399103139013	21.671525753158406	0.0003514255697888671	0.25267498467819544
plasminogen activation	4	0.18457399103139013	21.671525753158406	0.0003514255697888671	0.25267498467819544
positive regulation of angiogenesis	10	2.311552346570397	4.326097141964704	0.0003686669683033192	0.26396554930517657
positive regulation of phagocytosis	5	0.4297253634894992	11.635338345864662	0.0003764537856766189	0.2691644567587825
negative regulation of endopeptidase activity	8	1.4648901692473892	5.461160275319568	0.0003878579096737699	0.2769305475070717
blood coagulation	12	3.3360492485967774	3.597069199457259	0.0004322970793094362	0.308227817547628
organelle membrane	8	1.5262020529443545	5.2417699115044245	0.00048627262517639833	0.3462261091255956
cellular response to interleukin-1	6	0.796585804132974	7.532145274080758	0.000546209457488316	0.38835492427419266
fatty acid metabolic process	11	3.039073806078148	3.6195238095238094	0.0007025529849033875	0.49881261928140513
platelet alpha granule lumen	7	1.2234616768621807	5.721470588235294	0.0007116207224352198	0.5045390922065708
defense response	6	0.8580158159597412	6.992878089652283	0.00074227063637265	0.5255276105518362
specific granule membrane	8	1.7716705712741034	4.515512155426712	0.0011008612082658831	0.7783088742439793
bile acid biosynthetic process	4	0.30773371613134753	12.998250728862974	0.0011513372331361704	0.8128440865941363
phospholipase A2 activity	4	0.30773371613134753	12.998250728862974	0.0011513372331361704	0.8128440865941363
cholesterol efflux	4	0.30773371613134753	12.998250728862974	0.0011513372331361704	0.8128440865941363
apoptotic cell clearance	4	0.30773371613134753	12.998250728862974	0.0011513372331361704	0.8128440865941363
arachidonic acid secretion	4	0.30773371613134753	12.998250728862974	0.0011513372331361704	0.8128440865941363
T cell chemotaxis	2	0.18565022421524663	10.772946859903382	0.030392085479795786	1.0
positive regulation of cytokine production	3	0.7416457060725835	4.045058139534884	0.053601541333067576	1.0
tissue remodeling	2	0.18565022421524663	10.772946859903382	0.030392085479795786	1.0
triglyceride metabolic process	2	0.868080517613228	2.303933747412008	0.24020798039940575	1.0
positive regulation of leukocyte chemotaxis	2	0.24757804090419805	8.078260869565218	0.04384424662410572	1.0
peroxisomal matrix	4	0.8012578616352201	4.992150706436421	0.014975482252231402	1.0
vacuole	2	0.4334948842218632	4.613664596273292	0.09372173117130043	1.0
clathrin-coated vesicle membrane	3	1.2378553436487945	2.423546511627907	0.1487022767695823	1.0
histone binding	2	2.429138833724499	0.823337049424006	0.70202246397418	1.0
peptide cross-linking	3	0.4940754039497307	6.071947674418604	0.02310710013677793	1.0
epidermis development	3	1.3621310295176388	2.2024312896405918	0.17772120426497773	1.0
sperm principal piece	2	0.30952808182307556	6.461449275362319	0.0590459387117182	1.0
basal part of cell	2	0.18565022421524663	10.772946859903382	0.030392085479795786	1.0
peptide catabolic process	2	0.30952808182307556	6.461449275362319	0.0590459387117182	1.0
C-terminal protein lipidation	2	0.9924487594390506	2.015217391304348	0.2846634896753687	1.0
caveola	3	1.610951008645533	1.8622540250447228	0.23958090267855636	1.0
protein ADP-ribosylation	3	0.617816091954023	4.855813953488372	0.036724308497073886	1.0
positive regulation of neutrophil chemotaxis	2	0.30952808182307556	6.461449275362319	0.0590459387117182	1.0
mitochondrial nucleoid	2	0.6196120689655172	3.227826086956522	0.1533249452472798	1.0
receptor internalization	2	0.868080517613228	2.303933747412008	0.24020798039940575	1.0
retinoid metabolic process	5	1.045495414493796	4.782421740626075	0.0077043940494422964	1.0
response to estrogen	2	1.7405405405405405	1.1490683229813665	0.5317203615776445	1.0
positive regulation of macrophage derived foam cell differentiation	3	0.2468604233943308	12.152616279069768	0.005840016406755036	1.0
structural molecule activity	7	3.0752532561505066	2.276235294117647	0.047251354653625684	1.0
sperm-egg recognition	2	0.12374461979913916	16.16231884057971	0.018964384102364878	1.0
negative regulation of coagulation	2	0.12374461979913916	16.16231884057971	0.018964384102364878	1.0
digestion	4	0.4309818704002872	9.281132861307789	0.002745233653818353	1.0
lateral plasma membrane	3	0.7416457060725835	4.045058139534884	0.053601541333067576	1.0
response to oxidative stress	4	2.5398230088495577	1.5749128919860627	0.2688488556947459	1.0
cellular response to oxidative stress	2	1.6156340057636887	1.2379041248606466	0.49443418856298504	1.0
positive regulation of chemokine secretion	2	0.12374461979913916	16.16231884057971	0.018964384102364878	1.0
cellular response to cytokine stimulus	2	0.9924487594390506	2.015217391304348	0.2846634896753687	1.0
hydrolase activity	3	0.4322383773110752	6.9406146179401995	0.017553863822962843	1.0
virus receptor activity	6	1.2886449523123988	4.656053623795559	0.004002172862742368	1.0
positive regulation of protein secretion	4	0.8630481667864845	4.634735526863807	0.018385335486656076	1.0
cell periphery	3	0.7416457060725835	4.045058139534884	0.053601541333067576	1.0
positive regulation of tyrosine phosphorylation of STAT protein	5	1.3542116630669545	3.692185007974482	0.018583989644146374	1.0
STAT family protein binding	2	0.12374461979913916	16.16231884057971	0.018964384102364878	1.0
negative regulation of neuron death	3	1.1136690647482015	2.693798449612403	0.12142684607639881	1.0
centriole	2	2.617413294797688	0.7641131815044858	0.7385192639510809	1.0
sensory perception of taste	2	0.30952808182307556	6.461449275362319	0.0590459387117182	1.0
negative regulation of nitric oxide biosynthetic process	2	0.37150035893754485	5.383574879227053	0.07574733586108043	1.0
negative regulation of multicellular organism growth	2	0.24757804090419805	8.078260869565218	0.04384424662410572	1.0
viral entry into host cell	6	1.535206194849631	3.9082697947214076	0.008169912489346506	1.0
negative regulation of osteoclast differentiation	2	0.49551166965888693	4.036231884057971	0.11276369800918838	1.0
response to food	2	0.37150035893754485	5.383574879227053	0.07574733586108043	1.0
positive regulation of immune response	2	0.12374461979913916	16.16231884057971	0.018964384102364878	1.0
osteoclast differentiation	3	0.7416457060725835	4.045058139534884	0.053601541333067576	1.0
intermediate filament cytoskeleton	2	0.868080517613228	2.303933747412008	0.24020798039940575	1.0
toll-like receptor 3 signaling pathway	2	0.18565022421524663	10.772946859903382	0.030392085479795786	1.0
apical part of cell	3	2.047249774571686	1.4653805496828753	0.35348366066249803	1.0
angiotensin maturation	3	0.12338593974175036	24.313953488372093	0.0018228320358000395	1.0
cysteine-type endopeptidase activity	3	1.0516094227656896	2.8527701778385772	0.1085555678625925	1.0
TRIF-dependent toll-like receptor signaling pathway	2	0.557550727240079	3.5871175523349437	0.13268738642727887	1.0
defense response to fungus	3	0.1851121076233184	16.20639534883721	0.0034877631908958786	1.0
negative regulation of growth of symbiont in host	3	0.2468604233943308	12.152616279069768	0.005840016406755036	1.0
mast cell granule	2	0.49551166965888693	4.036231884057971	0.11276369800918838	1.0
axoneme	3	1.6732120338677716	1.7929586563307494	0.2555980839743227	1.0
double-stranded RNA binding	5	0.798921832884097	6.258434547908232	0.0030409959324918215	1.0
bicellular tight junction	2	2.5546324724580094	0.782891481088724	0.7267975349216104	1.0
blood circulation	3	0.9895720963682129	3.031613372093023	0.09625482913375735	1.0
transporter activity	3	3.0486525592331346	0.9840412909349786	0.5948643028904372	1.0
DNA binding	9	44.8927701056052	0.20047771565061615	0.9999999997943183	1.0
response to calcium ion	3	1.2999820046787833	2.3077242524916945	0.16301625224414332	1.0
cornification	2	0.557550727240079	3.5871175523349437	0.13268738642727887	1.0
cornified envelope	2	0.6196120689655172	3.227826086956522	0.1533249452472798	1.0
cell-cell junction	2	3.5618547364607864	0.5615052123061276	0.8685739995345847	1.0
response to cytokine	3	0.9275570735214813	3.234302325581395	0.08456820779634051	1.0
response to hormone	3	1.6732120338677716	1.7929586563307494	0.2555980839743227	1.0
peptidase inhibitor activity	6	1.4735325891249549	4.071847507331379	0.006921635582279478	1.0
negative regulation of peptidase activity	7	1.469211379186172	4.764460784313726	0.0017204818032100736	1.0
fibronectin binding	2	0.6196120689655172	3.227826086956522	0.1533249452472798	1.0
heart development	2	4.956355701036552	0.4035222894881673	0.9555073263585482	1.0
laminin binding	2	0.557550727240079	3.5871175523349437	0.13268738642727887	1.0
protein C-terminus binding	3	4.435082622117306	0.6764248280379954	0.8172232469204335	1.0
post-embryonic development	3	2.1721089662637563	1.3811461794019932	0.386033008694891	1.0
cellular-component	7	8.113069016152718	0.8628054298642533	0.6997697951899194	1.0
nucleotidyltransferase activity	2	1.8030275725355918	1.1092453773113444	0.549648806390604	1.0
hydrolase activity	3	0.4940754039497307	6.071947674418604	0.02310710013677793	1.0
platelet activation	5	2.035347159603246	2.4565833776360093	0.06870087585423267	1.0
metal ion transport	3	0.3704235463029433	8.098837209302326	0.012836952274714396	1.0
cation transport	2	1.8655371304974764	1.0720772946859904	0.5670904597452643	1.0
sphingolipid biosynthetic process	3	0.9275570735214813	3.234302325581395	0.08456820779634051	1.0
copper ion binding	3	0.8035938903863432	3.7332289803220036	0.06320321493168987	1.0
pyridoxal phosphate binding	2	1.1169064748201438	1.790660225442834	0.3288596196178068	1.0
chaperone binding	5	1.539708265802269	3.2473684210526317	0.028437987531513907	1.0
response to organic cyclic compound	4	2.1035353535353534	1.9015606242496998	0.1803643923200165	1.0
proteolysis involved in cellular protein catabolic process	3	0.8655643421998561	3.465946843853821	0.07353772907717507	1.0
leukotriene biosynthetic process	2	0.18565022421524663	10.772946859903382	0.030392085479795786	1.0
cellular oxidant detoxification	3	0.9895720963682129	3.031613372093023	0.09625482913375735	1.0
positive regulation of catalytic activity	3	1.610951008645533	1.8622540250447228	0.23958090267855636	1.0
enzyme activator activity	2	1.0546664269016364	1.8963341858482523	0.30682921443947725	1.0
activation of cysteine-type endopeptidase activity involved in apoptotic process	3	1.9848539487919221	1.5114462209302326	0.33712178814432675	1.0
protease binding	6	1.8439077144917086	3.253958944281525	0.016907295457013954	1.0
growth factor activity	2	2.9945750452079567	0.6678743961352657	0.8001610430619205	1.0
positive regulation of cell death	2	0.6816957068439016	2.933860342555995	0.17452506101629467	1.0
secretory granule lumen	5	2.221580656802598	2.2506497725795973	0.08918117188584766	1.0
ficolin-1-rich granule lumen	2	2.178423236514523	0.9180952380952381	0.6469074115719033	1.0
neuron projection	4	6.7722120658135285	0.5906489579958968	0.9013802088696347	1.0
multivesicular body	2	0.557550727240079	3.5871175523349437	0.13268738642727887	1.0
transferrin transport	2	0.6816957068439016	2.933860342555995	0.17452506101629467	1.0
amyloid-beta binding	6	1.1039568345323743	5.434995112414467	0.0021118514650629093	1.0
oxygen binding	3	0.3086308989772116	9.720348837209302	0.008941747260899097	1.0
toxic substance binding	3	0.12338593974175036	24.313953488372093	0.0018228320358000395	1.0
retina homeostasis	3	0.5559346381756151	5.396317829457364	0.029499592319711422	1.0
ossification	2	2.3037357877639413	0.8681551116333726	0.6754128595908588	1.0
positive regulation of cell division	2	0.868080517613228	2.303933747412008	0.24020798039940575	1.0
transferase activity	2	2.7430430068666425	0.7291172595520422	0.7606797467605934	1.0
symporter activity	6	2.2770258076159537	2.6350162479194736	0.037631455247817955	1.0
T cell activation	3	0.9275570735214813	3.234302325581395	0.08456820779634051	1.0
negative regulation of interleukin-6 production	2	0.9302534603631135	2.149951690821256	0.26243068057553903	1.0
negative regulation of NF-kappaB transcription factor activity	2	1.6780760223383173	1.1918411164787976	0.5133122097429782	1.0
cytokine production	2	0.9302534603631135	2.149951690821256	0.26243068057553903	1.0
cadherin binding involved in cell-cell adhesion	2	0.30952808182307556	6.461449275362319	0.0590459387117182	1.0
platelet dense granule lumen	3	0.1851121076233184	16.20639534883721	0.0034877631908958786	1.0
positive regulation of protein targeting to mitochondrion	3	1.7354954954954955	1.7286129568106312	0.2717579119287107	1.0
animal organ regeneration	2	0.868080517613228	2.303933747412008	0.24020798039940575	1.0
dioxygenase activity	2	1.990623873061666	1.0047101449275362	0.6004971224297831	1.0
regulation of cytoskeleton organization	3	0.2468604233943308	12.152616279069768	0.005840016406755036	1.0
tissue homeostasis	2	0.24757804090419805	8.078260869565218	0.04384424662410572	1.0
DNA duplex unwinding	2	0.868080517613228	2.303933747412008	0.24020798039940575	1.0
triglyceride catabolic process	2	0.30952808182307556	6.461449275362319	0.0590459387117182	1.0
cellular defense response	3	0.6797197772588467	4.413583509513742	0.044765793547861976	1.0
anchored component of membrane	5	1.7254054054054055	2.8978696741854635	0.04108925873731379	1.0
microvillus membrane	3	0.4322383773110752	6.9406146179401995	0.017553863822962843	1.0
response to reactive oxygen species	2	0.12374461979913916	16.16231884057971	0.018964384102364878	1.0
embryo implantation	2	0.6816957068439016	2.933860342555995	0.17452506101629467	1.0
positive regulation of cAMP-mediated signaling	2	0.30952808182307556	6.461449275362319	0.0590459387117182	1.0
negative regulation of inflammatory response	3	2.047249774571686	1.4653805496828753	0.35348366066249803	1.0
cellular response to mechanical stimulus	5	1.6015850144092219	3.1219073324336484	0.03233569427082836	1.0
negative regulation of tumor necrosis factor production	3	0.8035938903863432	3.7332289803220036	0.06320321493168987	1.0
trans-Golgi network membrane	2	1.6780760223383173	1.1918411164787976	0.5133122097429782	1.0
iron ion binding	5	2.656910569105691	1.8818849449204407	0.14753149857713305	1.0
oxidoreductase activity	3	1.2378553436487945	2.423546511627907	0.1487022767695823	1.0
heme binding	6	1.9057148007932214	3.14842493614606	0.019216419463720824	1.0
sterol metabolic process	2	0.4334948842218632	4.613664596273292	0.09372173117130043	1.0
vitamin D metabolic process	2	0.30952808182307556	6.461449275362319	0.0590459387117182	1.0
Golgi lumen	5	1.9733141002524341	2.533808479532164	0.06252072337439675	1.0
electron transport chain	2	1.3660907127429807	1.4640316205533597	0.41453486638959725	1.0
electron transfer activity	2	1.1169064748201438	1.790660225442834	0.3288596196178068	1.0
wound healing	4	2.5398230088495577	1.5749128919860627	0.2688488556947459	1.0
locomotory behavior	2	2.2410682064236735	0.8924315619967794	0.6614004339510351	1.0
response to organic substance	2	1.6780760223383173	1.1918411164787976	0.5133122097429782	1.0
carboxypeptidase activity	4	0.924860686679849	4.324975704567541	0.02223956065563001	1.0
metallocarboxypeptidase activity	3	0.6797197772588467	4.413583509513742	0.044765793547861976	1.0
endocytic vesicle lumen	2	0.30952808182307556	6.461449275362319	0.0590459387117182	1.0
positive regulation of nitric oxide biosynthetic process	3	0.6797197772588467	4.413583509513742	0.044765793547861976	1.0
MHC class II protein complex binding	2	0.12374461979913916	16.16231884057971	0.018964384102364878	1.0
response to antibiotic	2	0.743801652892562	2.688888888888889	0.19615160559866077	1.0
activation of innate immune response	2	0.37150035893754485	5.383574879227053	0.07574733586108043	1.0
negative regulation of neuron apoptotic process	2	2.931657928041945	0.6822078322540858	0.7908688197540543	1.0
negative regulation of T cell proliferation	3	0.7416457060725835	4.045058139534884	0.053601541333067576	1.0
organic cation transport	2	0.18565022421524663	10.772946859903382	0.030392085479795786	1.0
cell adhesion molecule binding	3	1.0516094227656896	2.8527701778385772	0.1085555678625925	1.0
ankyrin binding	2	0.37150035893754485	5.383574879227053	0.07574733586108043	1.0
membrane repolarization	2	0.30952808182307556	6.461449275362319	0.0590459387117182	1.0
potassium ion import	2	0.30952808182307556	6.461449275362319	0.0590459387117182	1.0
peptidyl-glutamic acid carboxylation	2	0.18565022421524663	10.772946859903382	0.030392085479795786	1.0
leukocyte migration involved in inflammatory response	2	0.12374461979913916	16.16231884057971	0.018964384102364878	1.0
positive regulation of ATPase activity	2	0.8059299191374663	2.4816053511705687	0.21808238471494576	1.0
G-protein coupled receptor signaling pathway	3	0.8655643421998561	3.465946843853821	0.07353772907717507	1.0
positive regulation of macrophage chemotaxis	3	0.12338593974175036	24.313953488372093	0.0018228320358000395	1.0
positive regulation of exocytosis	3	0.4940754039497307	6.071947674418604	0.02310710013677793	1.0
sodium:potassium-exchanging ATPase activity	2	0.18565022421524663	10.772946859903382	0.030392085479795786	1.0
endocytic vesicle	3	1.1757510343586977	2.5515605875153	0.13482410078772272	1.0
long-chain fatty acid-CoA ligase activity	2	0.12374461979913916	16.16231884057971	0.018964384102364878	1.0
acyl-CoA hydrolase activity	2	0.12374461979913916	16.16231884057971	0.018964384102364878	1.0
amino acid transmembrane transport	2	0.9924487594390506	2.015217391304348	0.2846634896753687	1.0
amino acid transmembrane transporter activity	2	0.9924487594390506	2.015217391304348	0.2846634896753687	1.0
monocarboxylic acid transmembrane transporter activity	3	0.3086308989772116	9.720348837209302	0.008941747260899097	1.0
monocarboxylic acid transport	3	0.2468604233943308	12.152616279069768	0.005840016406755036	1.0
cellular amino acid metabolic process	2	0.6816957068439016	2.933860342555995	0.17452506101629467	1.0
positive regulation of interleukin-2 biosynthetic process	2	0.18565022421524663	10.772946859903382	0.030392085479795786	1.0
long-chain fatty acid metabolic process	2	0.18565022421524663	10.772946859903382	0.030392085479795786	1.0
establishment or maintenance of transmembrane electrochemical gradient	2	0.24757804090419805	8.078260869565218	0.04384424662410572	1.0
cellular potassium ion homeostasis	2	0.18565022421524663	10.772946859903382	0.030392085479795786	1.0
sodium:potassium-exchanging ATPase complex	2	0.24757804090419805	8.078260869565218	0.04384424662410572	1.0
positive regulation of substrate adhesion-dependent cell spreading	4	0.4926391382405745	8.119533527696793	0.00392962358789203	1.0
positive regulation of protein localization to nucleus	2	0.557550727240079	3.5871175523349437	0.13268738642727887	1.0
signal peptide processing	2	0.30952808182307556	6.461449275362319	0.0590459387117182	1.0
transcription cofactor activity	2	1.303761022134245	1.534023464458247	0.393574981878249	1.0
positive regulation of myoblast fusion	2	0.49551166965888693	4.036231884057971	0.11276369800918838	1.0
endopeptidase inhibitor activity	4	0.4309818704002872	9.281132861307789	0.002745233653818353	1.0
phospholipase C-activating G-protein coupled receptor signaling pathway	2	0.868080517613228	2.303933747412008	0.24020798039940575	1.0
neuropeptide signaling pathway	2	1.9280692266089776	1.0373071528751754	0.5840407034493817	1.0
alpha-linolenic acid metabolic process	2	0.12374461979913916	16.16231884057971	0.018964384102364878	1.0
positive regulation of DNA binding transcription factor activity	3	2.047249774571686	1.4653805496828753	0.35348366066249803	1.0
fatty acid beta-oxidation using acyl-CoA oxidase	3	0.1851121076233184	16.20639534883721	0.0034877631908958786	1.0
macrophage activation	2	0.30952808182307556	6.461449275362319	0.0590459387117182	1.0
monocyte differentiation	2	0.37150035893754485	5.383574879227053	0.07574733586108043	1.0
positive regulation of monocyte differentiation	2	0.18565022421524663	10.772946859903382	0.030392085479795786	1.0
intestinal absorption	3	0.1851121076233184	16.20639534883721	0.0034877631908958786	1.0
vitamin transmembrane transport	2	0.12374461979913916	16.16231884057971	0.018964384102364878	1.0
calcium-mediated signaling	2	0.743801652892562	2.688888888888889	0.19615160559866077	1.0
positive regulation of osteoclast differentiation	2	0.557550727240079	3.5871175523349437	0.13268738642727887	1.0
cellular response to interleukin-6	3	0.12338593974175036	24.313953488372093	0.0018228320358000395	1.0
stem cell differentiation	2	0.4334948842218632	4.613664596273292	0.09372173117130043	1.0
activation of phospholipase C activity	2	0.557550727240079	3.5871175523349437	0.13268738642727887	1.0
brown fat cell differentiation	2	0.49551166965888693	4.036231884057971	0.11276369800918838	1.0
response to tumor necrosis factor	2	0.6816957068439016	2.933860342555995	0.17452506101629467	1.0
choline transmembrane transporter activity	2	0.12374461979913916	16.16231884057971	0.018964384102364878	1.0
skin morphogenesis	2	0.12374461979913916	16.16231884057971	0.018964384102364878	1.0
positive regulation of cytosolic calcium ion concentration involved in phospholipase C-activating G-protein coupled signaling pathway	2	0.37150035893754485	5.383574879227053	0.07574733586108043	1.0
antigen processing and presentation	3	0.4322383773110752	6.9406146179401995	0.017553863822962843	1.0
fibrinogen complex	3	0.1851121076233184	16.20639534883721	0.0034877631908958786	1.0
protein polymerization	3	0.12338593974175036	24.313953488372093	0.0018228320358000395	1.0
anchored component of plasma membrane	3	0.4322383773110752	6.9406146179401995	0.017553863822962843	1.0
positive regulation of blood coagulation	3	0.1851121076233184	16.20639534883721	0.0034877631908958786	1.0
ATPase activator activity	2	0.37150035893754485	5.383574879227053	0.07574733586108043	1.0
positive regulation of G-protein coupled receptor protein signaling pathway	2	0.30952808182307556	6.461449275362319	0.0590459387117182	1.0
chemokine receptor activity	2	0.30952808182307556	6.461449275362319	0.0590459387117182	1.0
clathrin-coated endocytic vesicle	2	0.24757804090419805	8.078260869565218	0.04384424662410572	1.0
positive regulation of chromatin binding	2	0.30952808182307556	6.461449275362319	0.0590459387117182	1.0
positive regulation of potassium ion transmembrane transporter activity	2	0.18565022421524663	10.772946859903382	0.030392085479795786	1.0
positive regulation of defense response to virus by host	3	0.4940754039497307	6.071947674418604	0.02310710013677793	1.0
tryptophan catabolic process	2	0.18565022421524663	10.772946859903382	0.030392085479795786	1.0
tryptophan catabolic process to kynurenine	2	0.18565022421524663	10.772946859903382	0.030392085479795786	1.0
ubiquitin-like protein ligase binding	2	0.12374461979913916	16.16231884057971	0.018964384102364878	1.0
vitamin transport	2	0.18565022421524663	10.772946859903382	0.030392085479795786	1.0
choline transport	2	0.18565022421524663	10.772946859903382	0.030392085479795786	1.0
ATPase binding	3	1.4243024302430245	2.1062942366026287	0.19277292008019647	1.0
detection of chemical stimulus involved in sensory perception of bitter taste	4	0.4309818704002872	9.281132861307789	0.002745233653818353	1.0
endosome lumen	2	0.18565022421524663	10.772946859903382	0.030392085479795786	1.0
positive regulation of reactive oxygen species biosynthetic process	2	0.24757804090419805	8.078260869565218	0.04384424662410572	1.0
positive regulation of macrophage activation	2	0.24757804090419805	8.078260869565218	0.04384424662410572	1.0
astrocyte development	3	0.3086308989772116	9.720348837209302	0.008941747260899097	1.0
positive regulation of macrophage cytokine production	3	0.1851121076233184	16.20639534883721	0.0034877631908958786	1.0
transferase activity	2	0.12374461979913916	16.16231884057971	0.018964384102364878	1.0
B cell activation	2	0.6816957068439016	2.933860342555995	0.17452506101629467	1.0
positive regulation of macrophage differentiation	2	0.24757804090419805	8.078260869565218	0.04384424662410572	1.0
single-stranded RNA binding	3	0.6797197772588467	4.413583509513742	0.044765793547861976	1.0
growth	2	0.30952808182307556	6.461449275362319	0.0590459387117182	1.0
interferon-gamma-mediated signaling pathway	2	0.6816957068439016	2.933860342555995	0.17452506101629467	1.0
dynein intermediate chain binding	3	0.4322383773110752	6.9406146179401995	0.017553863822962843	1.0
ATP-dependent microtubule motor activity	3	0.1851121076233184	16.20639534883721	0.0034877631908958786	1.0
outer dynein arm assembly	3	0.12338593974175036	24.313953488372093	0.0018228320358000395	1.0
positive regulation of interleukin-6 secretion	2	0.24757804090419805	8.078260869565218	0.04384424662410572	1.0
cysteine-type endopeptidase inhibitor activity	2	0.12374461979913916	16.16231884057971	0.018964384102364878	1.0
extrinsic component of external side of plasma membrane	2	0.12374461979913916	16.16231884057971	0.018964384102364878	1.0
sequestering of zinc ion	2	0.12374461979913916	16.16231884057971	0.018964384102364878	1.0
immunological synapse	2	0.6196120689655172	3.227826086956522	0.1533249452472798	1.0
negative regulation of hydrolase activity	2	0.18565022421524663	10.772946859903382	0.030392085479795786	1.0
low-density lipoprotein receptor activity	3	0.2468604233943308	12.152616279069768	0.005840016406755036	1.0
response to bacterium	3	0.3704235463029433	8.098837209302326	0.012836952274714396	1.0
lipid storage	2	0.557550727240079	3.5871175523349437	0.13268738642727887	1.0
cytokine binding	2	0.37150035893754485	5.383574879227053	0.07574733586108043	1.0
positive regulation of interferon-alpha production	2	0.12374461979913916	16.16231884057971	0.018964384102364878	1.0
lipoprotein metabolic process	2	0.18565022421524663	10.772946859903382	0.030392085479795786	1.0
negative regulation of intrinsic apoptotic signaling pathway in response to DNA damage by p53 class mediator	2	0.24757804090419805	8.078260869565218	0.04384424662410572	1.0
cGMP biosynthetic process	2	0.557550727240079	3.5871175523349437	0.13268738642727887	1.0
endocytic vesicle membrane	4	1.296202987223322	3.0859364153824793	0.05517993741847275	1.0
microtubule-based movement	4	2.1657946960129895	1.8468971261974176	0.19238239877999458	1.0
ATP-dependent microtubule motor activity	2	0.557550727240079	3.5871175523349437	0.13268738642727887	1.0
microtubule motor activity	3	1.8601297764960345	1.6127906976744186	0.3043616823387022	1.0
lipoprotein transport	2	0.37150035893754485	5.383574879227053	0.07574733586108043	1.0
low-density lipoprotein particle	3	0.12338593974175036	24.313953488372093	0.0018228320358000395	1.0
scavenger receptor activity	5	1.045495414493796	4.782421740626075	0.0077043940494422964	1.0
low-density lipoprotein particle binding	2	0.24757804090419805	8.078260869565218	0.04384424662410572	1.0
cholesterol transport	4	0.4309818704002872	9.281132861307789	0.002745233653818353	1.0
positive regulation of cholesterol storage	2	0.12374461979913916	16.16231884057971	0.018964384102364878	1.0
serine-type endopeptidase inhibitor activity	5	0.9838187702265373	5.082236842105263	0.006247306825414159	1.0
lysophospholipase activity	2	0.4334948842218632	4.613664596273292	0.09372173117130043	1.0
phospholipid metabolic process	4	0.924860686679849	4.324975704567541	0.02223956065563001	1.0
negative regulation of proteolysis	2	0.24757804090419805	8.078260869565218	0.04384424662410572	1.0
regulation of cholesterol metabolic process	2	0.30952808182307556	6.461449275362319	0.0590459387117182	1.0
azurophil granule membrane	6	1.0424384103578492	5.755735725375194	0.0016646527259309102	1.0
positive regulation of endocytosis	2	0.4334948842218632	4.613664596273292	0.09372173117130043	1.0
phosphatidylcholine biosynthetic process	3	0.6797197772588467	4.413583509513742	0.044765793547861976	1.0
positive regulation of cytokine production involved in inflammatory response	2	0.30952808182307556	6.461449275362319	0.0590459387117182	1.0
heterotypic cell-cell adhesion	3	0.4322383773110752	6.9406146179401995	0.017553863822962843	1.0
sodium ion export across plasma membrane	2	0.30952808182307556	6.461449275362319	0.0590459387117182	1.0
cellular sodium ion homeostasis	3	0.3704235463029433	8.098837209302326	0.012836952274714396	1.0
hemopoiesis	4	1.6683480453972257	2.3975812547241118	0.10477302309614295	1.0
response to interferon-gamma	2	0.557550727240079	3.5871175523349437	0.13268738642727887	1.0
hyaluronan metabolic process	2	0.24757804090419805	8.078260869565218	0.04384424662410572	1.0
regulation of blood pressure	4	1.4821750090025207	2.6987366375121478	0.07799207627673056	1.0
positive regulation of vascular endothelial growth factor production	4	0.4309818704002872	9.281132861307789	0.002745233653818353	1.0
negative regulation of extrinsic apoptotic signaling pathway in absence of ligand	2	0.6816957068439016	2.933860342555995	0.17452506101629467	1.0
phagocytosis	2	0.49551166965888693	4.036231884057971	0.11276369800918838	1.0
telomere maintenance	2	0.6196120689655172	3.227826086956522	0.1533249452472798	1.0
type I interferon signaling pathway	4	0.4309818704002872	9.281132861307789	0.002745233653818353	1.0
energy homeostasis	2	0.6816957068439016	2.933860342555995	0.17452506101629467	1.0
long-chain fatty-acyl-CoA biosynthetic process	3	0.2468604233943308	12.152616279069768	0.005840016406755036	1.0
estradiol 17-beta-dehydrogenase activity	2	0.12374461979913916	16.16231884057971	0.018964384102364878	1.0
carboxylic ester hydrolase activity	4	0.6777438476737919	5.901934799893984	0.009422802408011379	1.0
positive regulation of B cell proliferation	4	0.8012578616352201	4.992150706436421	0.014975482252231402	1.0
sperm flagellum	2	0.8059299191374663	2.4816053511705687	0.21808238471494576	1.0
endopeptidase activity	4	1.6062680115273775	2.490244449428123	0.09542627098869985	1.0
retinol metabolic process	2	0.6816957068439016	2.933860342555995	0.17452506101629467	1.0
ammonium transmembrane transport	2	0.18565022421524663	10.772946859903382	0.030392085479795786	1.0
chylomicron assembly	2	0.18565022421524663	10.772946859903382	0.030392085479795786	1.0
cholesterol catabolic process	2	0.12374461979913916	16.16231884057971	0.018964384102364878	1.0
cellular response to amyloid-beta	2	0.49551166965888693	4.036231884057971	0.11276369800918838	1.0
NAD+ ADP-ribosyltransferase activity	4	0.5543185491111511	7.216067379332685	0.005417205059816061	1.0
phosphatidylglycerol acyl-chain remodeling	2	0.4334948842218632	4.613664596273292	0.09372173117130043	1.0
phospholipase A2 activity (consuming 1	3	0.2468604233943308	12.152616279069768	0.005840016406755036	1.0
phospholipase A2 activity consuming 1	3	0.2468604233943308	12.152616279069768	0.005840016406755036	1.0
phosphatidylinositol acyl-chain remodeling	3	0.1851121076233184	16.20639534883721	0.0034877631908958786	1.0
calcium-dependent phospholipase A2 activity	2	0.12374461979913916	16.16231884057971	0.018964384102364878	1.0
phosphatidylethanolamine acyl-chain remodeling	3	0.3086308989772116	9.720348837209302	0.008941747260899097	1.0
clathrin-coated pit	3	1.3621310295176388	2.2024312896405918	0.17772120426497773	1.0
dynein heavy chain binding	2	0.30952808182307556	6.461449275362319	0.0590459387117182	1.0
motor activity	2	1.8655371304974764	1.0720772946859904	0.5670904597452643	1.0
dynein complex	4	0.4926391382405745	8.119533527696793	0.00392962358789203	1.0
positive regulation of vasoconstriction	3	0.617816091954023	4.855813953488372	0.036724308497073886	1.0
positive regulation of peptide hormone secretion	3	0.1851121076233184	16.20639534883721	0.0034877631908958786	1.0
response to zinc ion	2	0.6816957068439016	2.933860342555995	0.17452506101629467	1.0
smooth muscle contraction	2	0.49551166965888693	4.036231884057971	0.11276369800918838	1.0
tertiary granule membrane	4	1.296202987223322	3.0859364153824793	0.05517993741847275	1.0
calcium ion import	2	0.37150035893754485	5.383574879227053	0.07574733586108043	1.0
transmission of nerve impulse	2	0.37150035893754485	5.383574879227053	0.07574733586108043	1.0
positive regulation of DNA replication	2	0.743801652892562	2.688888888888889	0.19615160559866077	1.0
nitric oxide mediated signal transduction	2	0.4334948842218632	4.613664596273292	0.09372173117130043	1.0
protein kinase B signaling	3	1.0516094227656896	2.8527701778385772	0.1085555678625925	1.0
endothelial cell proliferation	3	0.3086308989772116	9.720348837209302	0.008941747260899097	1.0
vasodilation	2	0.4334948842218632	4.613664596273292	0.09372173117130043	1.0
high-density lipoprotein particle assembly	2	0.12374461979913916	16.16231884057971	0.018964384102364878	1.0
cholesterol transporter activity	3	0.1851121076233184	16.20639534883721	0.0034877631908958786	1.0
reverse cholesterol transport	3	0.12338593974175036	24.313953488372093	0.0018228320358000395	1.0
positive regulation of membrane protein ectodomain proteolysis	2	0.37150035893754485	5.383574879227053	0.07574733586108043	1.0
positive regulation of nitric-oxide synthase activity	2	0.18565022421524663	10.772946859903382	0.030392085479795786	1.0
clathrin-coated endocytic vesicle membrane	2	0.24757804090419805	8.078260869565218	0.04384424662410572	1.0
neuron projection regeneration	2	0.18565022421524663	10.772946859903382	0.030392085479795786	1.0
high-density lipoprotein particle clearance	3	0.12338593974175036	24.313953488372093	0.0018228320358000395	1.0
cGMP-mediated signaling	2	0.18565022421524663	10.772946859903382	0.030392085479795786	1.0
chloride transport	2	2.178423236514523	0.9180952380952381	0.6469074115719033	1.0
macrophage differentiation	3	0.3704235463029433	8.098837209302326	0.012836952274714396	1.0
positive regulation of Rho protein signal transduction	3	0.4940754039497307	6.071947674418604	0.02310710013677793	1.0
regulation of defense response to virus by host	2	0.18565022421524663	10.772946859903382	0.030392085479795786	1.0
negative regulation of endothelial cell apoptotic process	3	0.617816091954023	4.855813953488372	0.036724308497073886	1.0
negative regulation of innate immune response	2	0.30952808182307556	6.461449275362319	0.0590459387117182	1.0
positive regulation of proteolysis	2	0.30952808182307556	6.461449275362319	0.0590459387117182	1.0
low-density lipoprotein particle clearance	3	0.5559346381756151	5.396317829457364	0.029499592319711422	1.0
response to hydrogen peroxide	2	0.6816957068439016	2.933860342555995	0.17452506101629467	1.0
positive regulation of interferon-alpha secretion	2	0.12374461979913916	16.16231884057971	0.018964384102364878	1.0
negative regulation of type I interferon production	4	0.5543185491111511	7.216067379332685	0.005417205059816061	1.0
response to cold	2	1.0546664269016364	1.8963341858482523	0.30682921443947725	1.0
ubiquitin-dependent protein catabolic process	3	4.68835180810467	0.6398837209302326	0.8440344080146388	1.0
proteinaceous extracellular matrix	8	8.983437615016562	0.8905276958374303	0.6743275281654597	1.0
extracellular matrix disassembly	6	1.535206194849631	3.9082697947214076	0.008169912489346506	1.0
metalloendopeptidase activity	5	2.7814928610157237	1.7975958414554907	0.1666135236645403	1.0
extracellular matrix	12	5.74215900802334	2.0898062877103842	0.02044667886535302	1.0
metallopeptidase activity	10	4.035195936139332	2.47819440697779	0.01254097451976483	1.0
zinc ion binding	13	15.803229440480662	0.8226166714190666	0.7870196980439521	1.0
tertiary granule lumen	4	0.5543185491111511	7.216067379332685	0.005417205059816061	1.0
collagen catabolic process	4	1.7304504504504505	2.3115368596418158	0.11451900235570153	1.0
ion transmembrane transport	8	5.622197922361946	1.4229310512496354	0.22234985341066027	1.0
cytoskeleton	17	29.028671737858396	0.5856278976012901	0.9909892865560083	1.0
positive regulation of cytosolic calcium ion concentration	6	2.462983026363308	2.4360703812316715	0.05001267799456091	1.0
positive regulation of intrinsic apoptotic signaling pathway	2	0.6196120689655172	3.227826086956522	0.1533249452472798	1.0
peroxisome	8	2.2636708175419598	3.5340827553216934	0.004081448007925225	1.0
response to nutrient levels	3	1.1757510343586977	2.5515605875153	0.13482410078772272	1.0
mitochondrial outer membrane	4	3.2276511038726023	1.239291320923974	0.4172372274050702	1.0
peroxisomal membrane	3	0.9895720963682129	3.031613372093023	0.09625482913375735	1.0
intrinsic component of plasma membrane	2	0.6816957068439016	2.933860342555995	0.17452506101629467	1.0
membrane raft	4	4.737913486005089	0.8442534908700322	0.6978233433082588	1.0
cilium	10	5.464201129531791	1.8300936885273231	0.06314017212058187	1.0
O-glycan processing	4	1.110431654676259	3.6022027858762553	0.03657756624967314	1.0
carbohydrate binding	7	2.827187274041938	2.4759590792838875	0.03355200740425471	1.0
Golgi membrane	6	14.134055265123227	0.42450661805500517	0.9935881719411662	1.0
cholesterol metabolic process	5	1.9733141002524341	2.533808479532164	0.06252072337439675	1.0
G-protein coupled receptor signaling pathway	26	14.935834896810507	1.7407798211235053	0.009488094063161166	1.0
signal transducer activity	20	13.490199738659697	1.4825577372798096	0.07084518442268371	1.0
G-protein coupled receptor activity	15	9.804355850867479	1.5299322289156627	0.08740298670352022	1.0
binding of sperm to zona pellucida	2	0.6196120689655172	3.227826086956522	0.1533249452472798	1.0
female pregnancy	3	1.1757510343586977	2.5515605875153	0.13482410078772272	1.0
single fertilization	5	1.1071942446043166	4.51591942820013	0.009382099972708014	1.0
lyase activity	3	3.2370611653999273	0.9267665474060823	0.6332730545749566	1.0
bicarbonate transport	2	0.868080517613228	2.303933747412008	0.24020798039940575	1.0
cellular calcium ion homeostasis	4	1.9790840245221784	2.021137026239067	0.15714119043309416	1.0
dendrite	5	8.482454528752527	0.5894520251245398	0.9201246470133811	1.0
ion transport	14	13.091671324762437	1.0693821783869177	0.4472440765435414	1.0
basolateral plasma membrane	7	3.759289468914265	1.8620540019286402	0.10129003362749671	1.0
calcium ion transmembrane transport	2	2.3664259927797833	0.8451563691838292	0.6889511000605455	1.0
cell projection	18	18.37119061139504	0.9797949616197001	0.5690003803790162	1.0
sodium ion transport	6	2.7733598409542743	2.163440860215054	0.07562569935248697	1.0
calcium ion transport	4	2.5398230088495577	1.5749128919860627	0.2688488556947459	1.0
regulation of cardiac conduction	3	1.2999820046787833	2.3077242524916945	0.16301625224414332	1.0
transferase activity	3	5.068946698199018	0.591838931955211	0.8778544365922076	1.0
heparin binding	6	3.271131221719457	1.834227853704421	0.12936845042523015	1.0
cellular response to leukemia inhibitory factor	2	1.8655371304974764	1.0720772946859904	0.5670904597452643	1.0
collagen binding	3	1.7978014056586773	1.6687048917401763	0.28802400602331085	1.0
positive regulation of transcription	6	14.73181223115766	0.40728186769242486	0.9956110487162986	1.0
RNA catabolic process	2	0.37150035893754485	5.383574879227053	0.07574733586108043	1.0
cytokine-mediated signaling pathway	10	6.214533503742925	1.609131239533449	0.11410334309587039	1.0
microtubule organizing center	7	8.689097260525832	0.8056072788827762	0.7605592345828787	1.0
centrosome	7	11.142381040548047	0.6282319707544034	0.9213888465726743	1.0
dephosphorylation	2	2.9945750452079567	0.6678743961352657	0.8001610430619205	1.0
catalytic activity	16	10.341837677944167	1.5471138204115198	0.07452694506112917	1.0
isomerase activity	2	1.8655371304974764	1.0720772946859904	0.5670904597452643	1.0
peptide binding	3	1.1136690647482015	2.693798449612403	0.12142684607639881	1.0
mitochondrial intermembrane space	3	1.5487124077075456	1.937093023255814	0.22374437824732823	1.0
endosome	12	14.799700486709098	0.8108272198330382	0.795234341863359	1.0
protein tyrosine kinase activity	2	4.130986937590711	0.48414580588493633	0.9148806551280282	1.0
early endosome membrane	3	3.425674452290422	0.8757399577167019	0.6690864263368907	1.0
transmembrane receptor protein tyrosine kinase signaling pathway	4	2.914662809618514	1.3723714409776069	0.3495870659012454	1.0
axon	3	6.920263350402341	0.43350951374207186	0.9656942842392083	1.0
peptidyl-tyrosine phosphorylation	2	4.257713248638838	0.4697357203751066	0.9228495906973371	1.0
regulation of cell proliferation	12	4.565691441032164	2.6282985074626866	0.004451028660097365	1.0
actin cytoskeleton reorganization	2	1.3660907127429807	1.4640316205533597	0.41453486638959725	1.0
protein localization to plasma membrane	3	2.4220978515977616	1.2385957066189623	0.44977113214896275	1.0
cytoskeleton organization	4	3.1650081418491043	1.2638198136397416	0.4037887430537064	1.0
intracellular ribonucleoprotein complex	2	5.977567025351084	0.33458428680396646	0.9805075362112188	1.0
steroid metabolic process	7	1.9617742517129462	3.568198529411765	0.006724244985844133	1.0
protein processing	2	1.179168915272531	1.6961098398169336	0.3506946484125534	1.0
monocyte chemotaxis	3	0.1851121076233184	16.20639534883721	0.0034877631908958786	1.0
molecular-function	10	12.988084155650718	0.7699364956493069	0.8270218035789689	1.0
ATPase activity	5	3.280723981900452	1.5240538453050867	0.25110621792311016	1.0
regulation of molecular function	3	5.768866204885162	0.5200328614762386	0.9233507288476055	1.0
azurophil granule lumen	5	0.9221642998382169	5.422027290448343	0.004995231257378265	1.0
ER to Golgi vesicle-mediated transport	3	3.5515305198333635	0.8447062423500612	0.6915066814420912	1.0
extracellular matrix organization	6	4.961804292469989	1.2092375366568915	0.39057750791386614	1.0
meiotic cell cycle	2	2.8058919212000726	0.7127858293075684	0.7711390306132098	1.0
angiogenesis	6	6.7327239488117	0.8911697621375041	0.6653956852016553	1.0
acrosomal vesicle	2	1.8655371304974764	1.0720772946859904	0.5670904597452643	1.0
cell-matrix adhesion	6	2.0912698412698414	2.869070208728653	0.027408920952544862	1.0
integrin-mediated signaling pathway	3	1.9848539487919221	1.5114462209302326	0.33712178814432675	1.0
cell cycle	2	13.763982102908278	0.14530678585940673	0.9999745633703735	1.0
cellular response to DNA damage stimulus	6	10.329516069449577	0.5808597382161504	0.9395091339885266	1.0
cellular response to starvation	2	1.1169064748201438	1.790660225442834	0.3288596196178068	1.0
cellular response to interferon-gamma	3	1.5487124077075456	1.937093023255814	0.22374437824732823	1.0
cell chemotaxis	4	0.8012578616352201	4.992150706436421	0.014975482252231402	1.0
regulation of receptor activity	9	7.811445341159208	1.1521555367709213	0.3936773786185267	1.0
cellular response to tumor necrosis factor	4	1.7304504504504505	2.3115368596418158	0.11451900235570153	1.0
cytokine activity	8	3.5619565217391305	2.245956667683857	0.037633804393698275	1.0
positive regulation of cell-matrix adhesion	3	0.4322383773110752	6.9406146179401995	0.017553863822962843	1.0
motile cilium	4	1.4821750090025207	2.6987366375121478	0.07799207627673056	1.0
glucose homeostasis	2	2.6802168021680215	0.7462082912032356	0.7498099621925013	1.0
chromatin binding	2	8.491917707567964	0.2355180618645901	0.9976101621878101	1.0
hydrolase activity	4	1.5442103367549072	2.590320699708455	0.08649449986186133	1.0
metabolic process	15	8.797938903202061	1.7049447791164658	0.044841389109972894	1.0
carbohydrate metabolic process	6	4.208348457350272	1.4257374504053821	0.2647286473929139	1.0
transcription factor binding	2	7.004755807572709	0.28552030291160724	0.9916542532378319	1.0
protein stabilization	5	2.4080158873442863	2.0763982606087867	0.11246655139202733	1.0
protein kinase activity	3	12.991999999999999	0.2309113300492611	0.999675537512631	1.0
negative regulation of cell proliferation	4	10.06403395460417	0.3974549388488549	0.9883970010787044	1.0
transferase activity	16	41.16649868978028	0.3886655535262233	0.9999902181311957	1.0
specific granule lumen	2	1.303761022134245	1.534023464458247	0.393574981878249	1.0
intracellular signal transduction	4	10.913059563448021	0.3665333242931724	0.9935903076518973	1.0
protein homodimerization activity	18	15.178919729932481	1.1858551412261844	0.2837340583781841	1.0
magnesium ion binding	2	4.574931880108991	0.4371649791542585	0.9398092860932625	1.0
protein phosphorylation	4	15.69028871391076	0.25493476078956173	0.9998109051446692	1.0
identical protein binding	16	20.679619047619045	0.7737086434308452	0.8660756000197743	1.0
positive regulation of protein phosphorylation	8	3.3139029688631427	2.4140718889981425	0.02707220421391176	1.0
positive regulation of protein serine/threonine kinase activity	2	0.6816957068439016	2.933860342555995	0.17452506101629467	1.0
nucleoplasm	20	75.82818021201413	0.26375418668996653	0.9999999999912912	1.0
positive regulation of apoptotic process	3	8.27317789608959	0.3626176105094976	0.9872429241070944	1.0
signal transduction	40	36.313151563753	1.1015292883564292	0.31438364970395033	1.0
lipid catabolic process	7	2.146851885260689	3.260588235294118	0.010147954782564531	1.0
cell junction	9	18.199508785187984	0.4945188414824042	0.9918110504461898	1.0
lysosomal membrane	10	6.653747714808044	1.5029124079569183	0.15211416390022614	1.0
nucleic acid binding	6	22.968235744355148	0.2612303385763796	0.9999845223906897	1.0
nucleotide binding	22	40.71515029251564	0.5403394029480986	0.9989039670490099	1.0
RNA binding	17	30.011734793663212	0.5664450961225155	0.9941271141765546	1.0
protein binding	167	294.05099150141643	0.5679287090558767	0.999999867553258	1.0
ATP binding	22	33.1291979454761	0.664066785927251	0.9773910313729988	1.0
apoptotic process	13	13.454681089145842	0.9662064759370148	0.5887929205783968	1.0
nucleus	42	166.01052048726467	0.25299601420876205	0.9999999999998109	1.0
cell differentiation	10	19.831055429005314	0.5042595960562841	0.9926242256193407	1.0
metal ion binding	51	74.11611746245237	0.6881094388927872	0.9948367029179558	1.0
cell proliferation	11	7.2615384615384615	1.5148305084745763	0.13360492335628535	1.0
endoplasmic reticulum	30	28.694232649071356	1.0455062648615872	0.44044899481109634	1.0
cytosol	43	125.18552265249303	0.3434901982984505	1.0	1.0
cytoplasm	86	160.49913144180658	0.5358284448485111	0.999999881374225	1.0
nucleolus	9	18.26681783824641	0.4926966524599661	0.9921067065475456	1.0
helicase activity	4	3.1023878437047756	1.28932944606414	0.39028473672475283	1.0
positive regulation of transcription from RNA polymerase II promoter	12	24.90562403697997	0.4818188848503596	0.9976666734568695	1.0
cytoplasmic vesicle	21	14.784857571214394	1.4203721543375754	0.08947809810933312	1.0
lysosomal lumen	6	2.153166155511456	2.78659405111018	0.03058345900338148	1.0
intracellular membrane-bounded organelle	23	14.948237059264816	1.5386429790223828	0.04193518594145409	1.0
macromolecular complex	8	10.721102274828926	0.7461919301695734	0.8323365989587141	1.0
regulation of apoptotic process	6	5.465938069216758	1.097707278059184	0.4751951124875586	1.0
integrin binding	4	2.852133044107014	1.4024591202940804	0.33601188462139514	1.0
brush border	3	1.3621310295176388	2.2024312896405918	0.17772120426497773	1.0
endoplasmic reticulum membrane	19	18.57776093957189	1.0227281996900237	0.4991645631798693	1.0
transmembrane transporter activity	3	2.4846514987360058	1.2074127906976744	0.46530369120808557	1.0
protein ubiquitination	5	12.718482707326144	0.3931286549707602	0.9942558322666198	1.0
regulation of cell shape	4	3.3530050687907313	1.1929597235719684	0.4439135502609185	1.0
positive regulation of peptidyl-tyrosine phosphorylation	2	1.8655371304974764	1.0720772946859904	0.5670904597452643	1.0
positive regulation of cell migration	8	3.437884824339008	2.3270122208175303	0.032056322417796136	1.0
negative regulation of cell adhesion	2	0.868080517613228	2.303933747412008	0.24020798039940575	1.0
positive regulation of GTPase activity	5	7.327229445156565	0.6823861648423052	0.850618992943912	1.0
negative regulation of apoptotic process	8	10.333456493626453	0.774184321086976	0.8035403853080023	1.0
multicellular organism development	11	25.88607839351226	0.4249388351831961	0.9994033707616948	1.0
cell adhesion	21	10.558948732185822	1.9888343558282209	0.005000172039421573	1.0
transmembrane signaling receptor activity	8	5.120473157415833	1.562355617158901	0.16236494372188104	1.0
autophagy	2	3.246471226927253	0.6160535117056856	0.8337679645345606	1.0
lipid biosynthetic process	2	0.557550727240079	3.5871175523349437	0.13268738642727887	1.0
nuclear speck	2	8.491917707567964	0.2355180618645901	0.9976101621878101	1.0
Golgi apparatus	18	28.104884218719594	0.6404580734052939	0.97757112385685	1.0
cellular response to drug	2	1.4908174288800864	1.3415458937198068	0.4553235619741377	1.0
steroid biosynthetic process	3	0.9895720963682129	3.031613372093023	0.09625482913375735	1.0
regulation of gene expression	4	3.98113891911498	1.004737609329446	0.5700041098274283	1.0
transmembrane transport	13	11.71386156986454	1.109796280454963	0.4035141753179521	1.0
fatty acid biosynthetic process	4	1.1723331534448642	3.4119993862206535	0.04230292757176204	1.0
positive regulation of cell proliferation	10	9.887986713415758	1.0113282197711961	0.534206398204923	1.0
oxidation-reduction process	20	12.7924739195231	1.563419251492646	0.04793667132909957	1.0
calcium ion binding	15	13.180987884436162	1.1380027150856948	0.3577131667192269	1.0
actin binding	2	7.262493135639758	0.2753875236294896	0.9932692686525315	1.0
focal adhesion	5	8.225078024600698	0.6078969688853176	0.9077637763497927	1.0
intracellular	14	24.825852436910036	0.5639282693546259	0.9902625171561803	1.0
ubiquitin protein ligase binding	4	6.644371345029239	0.6020133120633698	0.8935742215140056	1.0
cysteine-type peptidase activity	3	2.8604483007953725	1.0487866531850354	0.5539448457428131	1.0
nervous system development	2	11.108438193930422	0.1800433116774946	0.9997456649337768	1.0
axon guidance	2	4.7655398037077425	0.4196796338672769	0.9482213498052979	1.0
regulation of transcription	8	53.55594768528129	0.1493764996375674	0.9999999999991002	1.0
transcription	9	50.41450350226618	0.17852005622936348	0.9999999999990798	1.0
mitochondrion	26	31.121533923303836	0.8354343993478797	0.8306544790949416	1.0
protein heterodimerization activity	3	9.962737502305847	0.30112205599170494	0.9964654581422251	1.0
negative regulation of transcription	2	11.240281377267678	0.17793148880105403	0.9997730217075896	1.0
protein domain specific binding	4	6.006566946369937	0.6659378036929058	0.8459780433425438	1.0
negative regulation of transcription from RNA polymerase II promoter	5	17.73524420139544	0.2819245082402977	0.9998284489867832	1.0
regulation of transcription from RNA polymerase II promoter	2	17.139631162965753	0.11668862538427756	0.999998661801458	1.0
ligase activity	4	3.3530050687907313	1.1929597235719684	0.4439135502609185	1.0
mitochondrial matrix	7	6.83979517190929	1.0234224598930481	0.5331947413318059	1.0
phosphatidic acid biosynthetic process	2	1.179168915272531	1.6961098398169336	0.3506946484125534	1.0
oxidoreductase activity	19	11.125857275254866	1.7077335732373717	0.026750885672972048	1.0
cilium assembly	2	3.877810007251632	0.51575502571295	0.8965801807816276	1.0
cell division	2	8.816878102592389	0.22683766030653738	0.9981864087868637	1.0
binding	4	8.378145087235996	0.4774326486770863	0.9639484838484854	1.0
regulation of insulin secretion	3	1.610951008645533	1.8622540250447228	0.23958090267855636	1.0
cholesterol homeostasis	4	1.296202987223322	3.0859364153824793	0.05517993741847275	1.0
vesicle	7	2.9511754068716094	2.371936274509804	0.04001961758277802	1.0
phosphatidylserine binding	2	0.6196120689655172	3.227826086956522	0.1533249452472798	1.0
cholesterol binding	4	0.7394897592526052	5.40913508260447	0.011994289073176624	1.0
lipid transport	6	1.9675441759826904	3.0494868035190614	0.021731717007371875	1.0
phosphatidylserine acyl-chain remodeling	2	0.37150035893754485	5.383574879227053	0.07574733586108043	1.0
phospholipid transport	5	1.045495414493796	4.782421740626075	0.0077043940494422964	1.0
triglyceride homeostasis	3	0.4322383773110752	6.9406146179401995	0.017553863822962843	1.0
cell migration	5	5.039476077860652	0.99216663056819	0.5726591801611608	1.0
ruffle	2	2.3664259927797833	0.8451563691838292	0.6889511000605455	1.0
protein binding	5	1.7873490719048477	2.7974389997983464	0.04595354735820001	1.0
spermatid development	3	2.234572356549982	1.3425387596899225	0.4021705595186281	1.0
perinuclear region of cytoplasm	10	14.164954231272185	0.7059676887570062	0.8909931976056517	1.0
intracellular transport	2	0.49551166965888693	4.036231884057971	0.11276369800918838	1.0
microtubule binding	3	4.941989452627751	0.6070429790992051	0.8673770806484525	1.0
cytoplasmic vesicle membrane	2	3.5618547364607864	0.5615052123061276	0.8685739995345847	1.0
ficolin-1-rich granule membrane	4	0.7394897592526052	5.40913508260447	0.011994289073176624	1.0
actin filament organization	3	2.4220978515977616	1.2385957066189623	0.44977113214896275	1.0
regulation of lipid metabolic process	5	1.6015850144092219	3.1219073324336484	0.03233569427082836	1.0
xenobiotic metabolic process	2	1.0546664269016364	1.8963341858482523	0.30682921443947725	1.0
metalloaminopeptidase activity	2	0.557550727240079	3.5871175523349437	0.13268738642727887	1.0
reactive oxygen species metabolic process	2	0.6196120689655172	3.227826086956522	0.1533249452472798	1.0
cell-cell adhesion	4	2.041298467087466	1.959537061577878	0.16861033795593644	1.0
positive regulation of cell-substrate adhesion	2	0.9924487594390506	2.015217391304348	0.2846634896753687	1.0
lipid binding	10	5.7764405543398984	1.7311698970894627	0.08215591297710366	1.0
phosphatidylcholine binding	2	0.30952808182307556	6.461449275362319	0.0590459387117182	1.0
receptor complex	4	3.478449837015574	1.1499375260308204	0.47021262332546265	1.0
T cell receptor signaling pathway	2	2.6802168021680215	0.7462082912032356	0.7498099621925013	1.0
activation of MAPK activity	6	2.525013545241105	2.376224876618268	0.05463408287121796	1.0
stimulatory C-type lectin receptor signaling pathway	3	1.9224806201550386	1.560483870967742	0.3207379997669011	1.0
sarcoplasmic reticulum	2	0.8059299191374663	2.4816053511705687	0.21808238471494576	1.0
nuclear outer membrane	2	0.6816957068439016	2.933860342555995	0.17452506101629467	1.0
mitochondrial membrane	3	2.1721089662637563	1.3811461794019932	0.386033008694891	1.0
phosphatidylinositol-4	2	1.3660907127429807	1.4640316205533597	0.41453486638959725	1.0
brain development	3	5.386744355426074	0.5569226608977826	0.9009031546841078	1.0
enzyme binding	9	6.86263032741906	1.311450503758196	0.269187231039857	1.0
myelin sheath	4	2.5398230088495577	1.5749128919860627	0.2688488556947459	1.0
positive regulation of JNK cascade	2	1.5532144786601836	1.2876521739130435	0.47509920211617707	1.0
protein kinase binding	5	7.968079251513484	0.6275037988672468	0.8937694857591163	1.0
aminopeptidase activity	2	0.6816957068439016	2.933860342555995	0.17452506101629467	1.0
transport vesicle membrane	2	0.6196120689655172	3.227826086956522	0.1533249452472798	1.0
cadherin binding	3	5.577700856257971	0.5378560229945126	0.9127793689967463	1.0
acyl-CoA metabolic process	3	0.4940754039497307	6.071947674418604	0.02310710013677793	1.0
phosphatidylcholine acyl-chain remodeling	4	0.3693467336683417	10.829931972789115	0.001830825328858529	1.0
catabolic process	2	0.12374461979913916	16.16231884057971	0.018964384102364878	1.0
apolipoprotein binding	2	0.18565022421524663	10.772946859903382	0.030392085479795786	1.0
melanosome	4	2.2903807976899477	1.7464344811283588	0.21712559107773383	1.0
antigen processing and presentation of exogenous peptide antigen via MHC class II	3	1.7354954954954955	1.7286129568106312	0.2717579119287107	1.0
aging	2	3.1834629998190698	0.6282466609832339	0.8258786224620134	1.0
protein secretion	2	0.9302534603631135	2.149951690821256	0.26243068057553903	1.0
structural constituent of cytoskeleton	2	1.7405405405405405	1.1490683229813665	0.5317203615776445	1.0
multicellular organism growth	2	2.2410682064236735	0.8924315619967794	0.6614004339510351	1.0
negative regulation of phosphatase activity	3	0.8655643421998561	3.465946843853821	0.07353772907717507	1.0
late endosome membrane	2	2.429138833724499	0.823337049424006	0.70202246397418	1.0
ruffle membrane	2	1.4908174288800864	1.3415458937198068	0.4553235619741377	1.0
membrane organization	2	3.1204775687409554	0.640927536231884	0.8176549681964338	1.0
brush border membrane	2	0.8059299191374663	2.4816053511705687	0.21808238471494576	1.0
lipid transporter activity	2	0.30952808182307556	6.461449275362319	0.0590459387117182	1.0
bile acid and bile salt transport	3	0.3704235463029433	8.098837209302326	0.012836952274714396	1.0
dynein light intermediate chain binding	3	0.3704235463029433	8.098837209302326	0.012836952274714396	1.0
platelet aggregation	4	0.9866954332973751	4.053935860058309	0.026550643005339544	1.0
exonuclease activity	2	1.303761022134245	1.534023464458247	0.393574981878249	1.0
oligosaccharide metabolic process	3	0.6797197772588467	4.413583509513742	0.044765793547861976	1.0
negative regulation of extrinsic apoptotic signaling pathway via death domain receptors	4	1.0485524186297428	3.8147830560795746	0.03132789857671166	1.0
collagen trimer	7	1.7768967381510183	3.9394523326572006	0.004243531652474694	1.0
drug binding	4	1.3581713462922966	2.945136496156904	0.062324716367823246	1.0
positive regulation of innate immune response	2	0.49551166965888693	4.036231884057971	0.11276369800918838	1.0
flavin adenine dinucleotide binding	2	1.8655371304974764	1.0720772946859904	0.5670904597452643	1.0
monooxygenase activity	4	1.3581713462922966	2.945136496156904	0.062324716367823246	1.0
protein polyubiquitination	3	4.055867948485398	0.7396690518783542	0.7697761451501092	1.0
microtubule	3	6.791956124314442	0.4416989664082687	0.9624057444121482	1.0
positive regulation of MAPK cascade	2	2.2410682064236735	0.8924315619967794	0.6614004339510351	1.0
sensory perception of sound	3	2.797758901138623	1.0722868217054264	0.5397723051279857	1.0
positive regulation of neuron projection development	2	2.4918743228602382	0.802608695652174	0.71463503056632	1.0
skeletal system development	3	3.0486525592331346	0.9840412909349786	0.5948643028904372	1.0
positive regulation of protein kinase B signaling	2	3.4987323433538573	0.5716356107660455	0.8621966428852128	1.0
macromolecular complex assembly	3	2.2970582927269443	1.3060182275298555	0.41818629066353996	1.0
nuclease activity	3	2.6098265895953756	1.149501661129568	0.49576925180518605	1.0
nucleic acid phosphodiester bond hydrolysis	3	2.4846514987360058	1.2074127906976744	0.46530369120808557	1.0
double-strand break repair	4	1.110431654676259	3.6022027858762553	0.03657756624967314	1.0
DNA repair	6	7.688909257561869	0.7803447535941636	0.7757644004010525	1.0
endonuclease activity	2	1.241453760345448	1.6110144927536232	0.37228170317414155	1.0
rRNA processing	3	3.3627805937726287	0.8921188630490956	0.6574395534359909	1.0
regulation of G2/M transition of mitotic cell cycle	2	1.990623873061666	1.0047101449275362	0.6004971224297831	1.0
single-stranded DNA binding	2	1.9280692266089776	1.0373071528751754	0.5840407034493817	1.0
RAGE receptor binding	2	0.18565022421524663	10.772946859903382	0.030392085479795786	1.0
cell	3	1.8601297764960345	1.6127906976744186	0.3043616823387022	1.0
cell-cell signaling	9	4.295570079883806	2.0951817413355873	0.040214055395886	1.0
nucleobase-containing compound metabolic process	3	0.9275570735214813	3.234302325581395	0.08456820779634051	1.0
neuronal cell body	4	7.669721407624634	0.5215313291592983	0.9432138797366365	1.0
biological-process	7	10.428677014042867	0.6712260807937633	0.8888518708187311	1.0
positive regulation of fibroblast proliferation	2	1.1169064748201438	1.790660225442834	0.3288596196178068	1.0
response to drug	5	5.355426074289876	0.9336325309397525	0.6235025739653023	1.0
cellular iron ion homeostasis	2	1.179168915272531	1.6961098398169336	0.3506946484125534	1.0
response to ethanol	3	2.4846514987360058	1.2074127906976744	0.46530369120808557	1.0
negative regulation of gene expression	6	4.27101107278998	1.404819584342726	0.27487732703074064	1.0
macromolecular complex binding	2	3.9410698096101537	0.5074764205198988	0.9014709523083357	1.0
positive regulation of interleukin-10 production	3	0.3704235463029433	8.098837209302326	0.012836952274714396	1.0
negative regulation of interferon-gamma production	2	0.557550727240079	3.5871175523349437	0.13268738642727887	1.0
positive regulation of interleukin-12 production	4	0.4926391382405745	8.119533527696793	0.00392962358789203	1.0
cellular response to lipopolysaccharide	7	2.208588957055215	3.1694444444444443	0.011529889979235151	1.0
positive regulation of type 2 immune response	2	0.18565022421524663	10.772946859903382	0.030392085479795786	1.0
positive regulation of interleukin-6 production	3	0.8655643421998561	3.465946843853821	0.07353772907717507	1.0
positive regulation of T cell proliferation	5	0.9221642998382169	5.422027290448343	0.004995231257378265	1.0
positive regulation of inflammatory response	5	1.045495414493796	4.782421740626075	0.0077043940494422964	1.0
positive regulation of interferon-gamma production	5	0.7373338124326266	6.781189083820663	0.0023054112410576186	1.0
regulation of inflammatory response	5	1.416021602160216	3.531019577930333	0.02157013727092663	1.0
potassium ion transport	3	2.735092157571377	1.096855179704017	0.5253458601044523	1.0
endoplasmic reticulum lumen	13	6.221329437545654	2.0895855348127275	0.01638074839642744	1.0
response to estradiol	3	1.9224806201550386	1.560483870967742	0.3207379997669011	1.0
post-translational protein modification	11	7.198681560153818	1.5280575905575906	0.12852582932829332	1.0
positive regulation of gene expression	9	7.241530855154734	1.2428311333636777	0.31785967645378227	1.0
amino acid transport	2	1.241453760345448	1.6110144927536232	0.37228170317414155	1.0
ubiquitin-protein transferase activity	3	7.950110051357299	0.37735326688815063	0.9837851979905569	1.0
response to endoplasmic reticulum stress	2	1.4908174288800864	1.3415458937198068	0.4553235619741377	1.0
cellular macromolecular complex assembly	3	0.3086308989772116	9.720348837209302	0.008941747260899097	1.0
microvillus	4	1.1723331534448642	3.4119993862206535	0.04230292757176204	1.0
RNA polymerase II proximal promoter sequence-specific DNA binding	2	10.05719557195572	0.19886259401944598	0.9993715017722585	1.0
sequence-specific DNA binding	2	13.697110904007456	0.14601619378104375	0.9999730392518482	1.0
intercellular bridge	4	1.0485524186297428	3.8147830560795746	0.03132789857671166	1.0
positive regulation of cell growth	4	1.7925752387817624	2.2314265607720922	0.12464724285554615	1.0
inner dynein arm assembly	2	0.18565022421524663	10.772946859903382	0.030392085479795786	1.0
ubiquitin protein ligase activity	2	4.7655398037077425	0.4196796338672769	0.9482213498052979	1.0
voltage-gated ion channel activity	2	2.6802168021680215	0.7462082912032356	0.7498099621925013	1.0
regulation of ion transmembrane transport	2	2.931657928041945	0.6822078322540858	0.7908688197540543	1.0
endosome membrane	7	4.633836089405779	1.510627450980392	0.20311168592061943	1.0
calcium activated cation channel activity	2	0.12374461979913916	16.16231884057971	0.018964384102364878	1.0
ion channel activity	2	3.625	0.5517241379310345	0.8746797691278951	1.0
apoptotic signaling pathway	3	1.3621310295176388	2.2024312896405918	0.17772120426497773	1.0
nuclear chromatin	2	4.130986937590711	0.48414580588493633	0.9148806551280282	1.0
MAPK cascade	2	6.105637657361796	0.32756611385029133	0.9824485861377942	1.0
in utero embryonic development	2	4.447975304158344	0.44964278424168197	0.9334983679087159	1.0
cellular response to organic cyclic compound	3	1.610951008645533	1.8622540250447228	0.23958090267855636	1.0
proteasome-mediated ubiquitin-dependent protein catabolic process	2	4.1943385955362	0.47683322517845556	0.9189569922053722	1.0
mitochondrial inner membrane	4	7.99137772885709	0.5005394733821538	0.9537130811183643	1.0
enzyme inhibitor activity	2	1.179168915272531	1.6961098398169336	0.3506946484125534	1.0
positive regulation of interleukin-8 production	3	0.617816091954023	4.855813953488372	0.036724308497073886	1.0
endocytosis	4	4.1700235891852655	0.9592271876767765	0.6046437919097472	1.0
secretory granule	6	1.782122905027933	3.366771159874608	0.014796668156427429	1.0
spermatogenesis	12	7.302619527385968	1.6432459550984573	0.08104808445556386	1.0
phospholipid binding	4	2.1035353535353534	1.9015606242496998	0.1803643923200165	1.0
viral process	10	8.485388715309686	1.1784963936840738	0.3588637787129342	1.0
protein transport	4	15.086093954707092	0.26514484213138145	0.9997008871413052	1.0
nuclear membrane	4	5.434529229648516	0.736034315203914	0.7889388052208182	1.0
negative regulation of MAP kinase activity	2	0.8059299191374663	2.4816053511705687	0.21808238471494576	1.0
cell aging	2	0.6196120689655172	3.227826086956522	0.1533249452472798	1.0
positive regulation of I-kappaB kinase/NF-kappaB signaling	8	3.2519457013574664	2.4600656759614847	0.024794114908072346	1.0
androgen biosynthetic process	2	0.18565022421524663	10.772946859903382	0.030392085479795786	1.0
early endosome	7	5.512843869557296	1.2697620621282222	0.3308000469131236	1.0
late endosome	2	2.8058919212000726	0.7127858293075684	0.7711390306132098	1.0
peptidyl-tyrosine dephosphorylation	2	1.3660907127429807	1.4640316205533597	0.41453486638959725	1.0
protein tyrosine phosphatase activity	2	1.3660907127429807	1.4640316205533597	0.41453486638959725	1.0
protein dephosphorylation	2	3.246471226927253	0.6160535117056856	0.8337679645345606	1.0
hematopoietic progenitor cell differentiation	3	1.5487124077075456	1.937093023255814	0.22374437824732823	1.0
phosphatase activity	2	2.178423236514523	0.9180952380952381	0.6469074115719033	1.0
lipopolysaccharide-mediated signaling pathway	3	0.4940754039497307	6.071947674418604	0.02310710013677793	1.0
cell cortex	3	3.1114327062228657	0.9641860465116279	0.6079517845100948	1.0
response to lipopolysaccharide	9	3.2423529411764704	2.7757619738751815	0.009417012093982298	1.0
positive regulation of NF-kappaB import into nucleus	3	0.3086308989772116	9.720348837209302	0.008941747260899097	1.0
negative regulation of catalytic activity	2	1.5532144786601836	1.2876521739130435	0.47509920211617707	1.0
response to stimulus	2	5.466217446731015	0.3658837248042645	0.970454667098013	1.0
sarcolemma	4	2.1035353535353534	1.9015606242496998	0.1803643923200165	1.0
adenylate cyclase-inhibiting G-protein coupled receptor signaling pathway	2	1.0546664269016364	1.8963341858482523	0.30682921443947725	1.0
response to nutrient	2	2.178423236514523	0.9180952380952381	0.6469074115719033	1.0
GTP binding	7	7.347985347985348	0.9526420737786641	0.6045218840849984	1.0
GTPase activity	3	5.577700856257971	0.5378560229945126	0.9127793689967463	1.0
nuclear matrix	2	2.178423236514523	0.9180952380952381	0.6469074115719033	1.0
response to toxic substance	2	1.7405405405405405	1.1490683229813665	0.5317203615776445	1.0
lipopolysaccharide receptor activity	2	0.12374461979913916	16.16231884057971	0.018964384102364878	1.0
positive regulation of chemokine production	2	0.30952808182307556	6.461449275362319	0.0590459387117182	1.0
lipopolysaccharide binding	3	0.3704235463029433	8.098837209302326	0.012836952274714396	1.0
positive regulation of NF-kappaB transcription factor activity	7	2.5176088134368793	2.780416068866571	0.02053320434912427	1.0
positive regulation of interferon-beta production	2	0.557550727240079	3.5871175523349437	0.13268738642727887	1.0
defense response to Gram-positive bacterium	5	1.1071942446043166	4.51591942820013	0.009382099972708014	1.0
MyD88-dependent toll-like receptor signaling pathway	2	0.557550727240079	3.5871175523349437	0.13268738642727887	1.0
cellular response to lipoteichoic acid	2	0.12374461979913916	16.16231884057971	0.018964384102364878	1.0
positive regulation of tumor necrosis factor production	4	0.8630481667864845	4.634735526863807	0.018385335486656076	1.0
secretory granule membrane	4	1.4821750090025207	2.6987366375121478	0.07799207627673056	1.0
response to hypoxia	4	3.2276511038726023	1.239291320923974	0.4172372274050702	1.0
B cell chemotaxis	2	0.12374461979913916	16.16231884057971	0.018964384102364878	1.0
