GO	U	pval	pval_adj
oxidation-reduction process	910063.5	9.326488348903824e-26	4.6259382210562964e-23
extracellular exosome	2603946.0	7.5863245996418145e-25	3.755230676822698e-22
oxidoreductase activity	807922.5	7.535402523620995e-24	3.7224888466687714e-21
lipid metabolic process	765724.0	1.6358208764696733e-21	8.064596920995489e-19
metabolic process	621875.0	6.978531570642004e-16	3.433437532755866e-13
transmembrane transport	753650.0	1.0849915863965462e-14	5.327308689207042e-12
membrane	4792564.0	2.2492296834960375e-14	1.1021225449130584e-11
plasma membrane	3744890.0	2.3579530201938908e-14	1.1530390268748126e-11
integral component of membrane	4053262.5	9.96947713640542e-14	4.865104842565845e-11
integral component of plasma membrane	1525129.0	6.046249160254673e-13	2.9445233410440257e-10
mitochondrion	1654972.0	9.60990418774943e-13	4.670413435246223e-10
catalytic activity	685618.0	1.1069636658053043e-12	5.368773779155726e-10
symporter activity	195914.5	5.2621543275103696e-11	2.546882694515019e-08
ion transport	796461.0	7.252924552053594e-11	3.503162558641886e-08
transmembrane transporter activity	195376.0	7.317201555814552e-11	3.526891149902614e-08
endoplasmic reticulum	1562746.0	8.002561956296175e-11	3.84923230097846e-08
fatty acid metabolic process	259845.0	1.1940606244458928e-10	5.731490997340285e-08
mitochondrial inner membrane	492975.5	5.581783766564317e-10	2.6736744241843076e-07
blood microparticle	171148.0	2.2629101519998895e-09	1.0816710526559472e-06
lysosomal lumen	180503.5	5.905924780331149e-09	2.817126120217958e-06
sodium ion transport	215103.5	1.1909447753759546e-08	5.668897130789544e-06
apical plasma membrane	437799.5	1.0170287057519362e-07	4.830886352321697e-05
flavin adenine dinucleotide binding	141373.5	1.9732994391640933e-07	9.353439341637802e-05
basolateral plasma membrane	267068.5	2.3938071228669805e-07	0.00011322707691160818
calcium ion binding	772085.5	2.419132289934991e-07	0.00011418304408493159
receptor-mediated endocytosis	214783.0	3.4997982716690474e-07	0.00016484049859561214
neutrophil degranulation	547070.0	3.892643530851771e-07	0.00018295424595003325
peroxisome	186407.0	4.3302621408469465e-07	0.0002030892944057218
iron ion binding	196214.5	5.924210142098856e-07	0.00027725303465022646
steroid metabolic process	162731.0	1.4245722497280732e-06	0.0006652752406230102
hydrolase activity	1698448.0	2.7534836678463233e-06	0.0012831233892163867
endoplasmic reticulum lumen	413418.5	2.8107346547735255e-06	0.0013069916144696893
endoplasmic reticulum membrane	1018721.0	4.17772886137986e-06	0.001938466191680255
mitochondrial matrix	416387.0	6.889233136975802e-06	0.0031897149424197965
ligase activity	223925.0	8.078139766689673e-06	0.003732100572210629
lyase activity	213728.0	8.331620880175493e-06	0.003840877225760902
cellular protein metabolic process	249696.5	1.1256431039399357e-05	0.0051779582781237045
intracellular membrane-bounded organelle	871301.0	1.3779648541067796e-05	0.006324858680350118
extracellular space	1422126.0	1.5074811189209275e-05	0.0069042635246578474
external side of plasma membrane	264105.0	2.2161227891164717e-05	0.010127681146262276
lipid transport	152284.0	3.190781525870178e-05	0.014549963757968012
heme binding	148529.5	3.617237063706204e-05	0.01645842863986323
organelle membrane	133896.5	4.999994124301285e-05	0.022699973324327834
serine-type endopeptidase activity	216580.5	9.827612608420535e-05	0.044519085116145024
endosome membrane	293537.0	0.0001325804558669108	0.05992636605184368
extracellular matrix organization	306305.5	0.00013351397030288723	0.060214800606602135
serine-type peptidase activity	171763.0	0.00016642411330202578	0.0748908509859116
transporter activity	194749.5	0.0001860472742877971	0.0835352261552209
lysosome	475741.5	0.00021549055907781574	0.09653977046686145
phospholipid binding	146506.5	0.00030526586570793675	0.13645384197144772
ATP binding	1572788.0	0.0003391529148632198	0.15126220002899604
peptidase activity	619996.5	0.00037822527153532807	0.168310245833221
carbohydrate metabolic process	263524.0	0.0004136301191232919	0.1836517728907416
structural molecule activity	208312.0	0.0004471429906521235	0.19808434485889073
myelin sheath	168380.5	0.0005177006888030483	0.22882370445094735
platelet degranulation	174632.0	0.0005811929297228399	0.2563060820077724
cholesterol metabolic process	141169.0	0.0006171357586585312	0.2715397338097537
isomerase activity	124084.5	0.000665244316877656	0.292042255109291
specific granule membrane	140137.0	0.0008817320103799012	0.38619862054639675
chemotaxis	169757.5	0.0009461526714423732	0.4134687174203171
proteolysis	718973.5	0.0009991877761322105	0.4356458703936438
sarcolemma	142871.0	0.0010797514831340277	0.46969189516330206
extracellular matrix	359170.5	0.0012505357512107857	0.542732516025481
transferase activity	1792753.5	0.0013004532698054673	0.5630962658257673
membrane raft	276996.5	0.001565166661149393	0.6761519976165378
actin filament binding	174587.5	0.0015705106302258023	0.6768900816273208
cell surface	598749.0	0.0016220237020944332	0.6974701919006062
collagen catabolic process	121588.0	0.0016388196428002353	0.7030536267613009
calcium ion transmembrane transport	148088.0	0.001697662802688713	0.7265996795507692
regulation of ion transmembrane transport	176731.0	0.002142507694182382	0.914850785415877
calcium ion transport	163459.5	0.0023037681873600284	0.9814052478153721
homophilic cell adhesion via plasma membrane adhesion molecules	132224.5	0.009784620862116162	1.0
GTP binding	306081.5	0.9990299011179752	1.0
midbody	142840.5	0.6361623023630847	1.0
cadherin binding	269061.5	0.48108116014012864	1.0
muscle organ development	100338.5	0.7174805326088441	1.0
protein binding	113567.0	0.08038400889768677	1.0
phosphatidylinositol binding	93024.5	0.6717951353282423	1.0
cytoplasmic vesicle membrane	169552.5	0.609445614007537	1.0
microtubule binding	217583.0	0.9312664187306152	1.0
cell body	92898.0	0.43306837021643085	1.0
spindle	181004.5	0.9391031500801713	1.0
response to nutrient	124491.5	0.05942988054635957	1.0
growth cone	105123.0	0.6485287473504115	1.0
perinuclear region of cytoplasm	685870.0	0.24210540274102654	1.0
GTPase activity	220727.0	0.9988119951822204	1.0
spermatid development	114577.5	0.5077887620802433	1.0
actin cytoskeleton organization	147643.5	0.4735781707674682	1.0
microtubule	287233.5	0.980475914942555	1.0
postsynaptic membrane	247924.0	0.7194228856661871	1.0
phosphatidylinositol phosphorylation	137733.5	0.5141975378541691	1.0
post-translational protein modification	375444.5	0.4048278100071697	1.0
ribosome	145777.0	0.11021082774026192	1.0
skeletal system development	143697.0	0.7769315902812239	1.0
structural constituent of ribosome	104290.5	0.14067014990635568	1.0
cell cortex	161019.5	0.32503133304702136	1.0
positive regulation of neuron projection development	127856.0	0.3424477326119379	1.0
lung development	121835.0	0.45403811938373595	1.0
protein polyubiquitination	194972.0	0.6212632810683238	1.0
neuron migration	105583.5	0.9544837742578164	1.0
sensory perception of sound	161332.5	0.03702563432603321	1.0
positive regulation of MAPK cascade	127370.5	0.06245315007402519	1.0
chemical synaptic transmission	205932.5	0.7083590638294359	1.0
DNA replication	144258.5	0.9810302870436324	1.0
sensory perception of smell	85631.5	0.9995691342216261	1.0
microtubule cytoskeleton	147140.5	0.9196391033513319	1.0
response to stimulus	255096.0	0.6175157011409913	1.0
ruffle	128365.5	0.15193988631444771	1.0
spindle pole	117228.0	0.9947448383359999	1.0
actin cytoskeleton	187826.5	0.9791909096154949	1.0
neuronal cell body	377703.0	0.249321849646725	1.0
adaptive immune response	121851.0	0.9263253306338193	1.0
mitochondrial membrane	139636.5	0.003002516184028333	1.0
Fc-epsilon receptor signaling pathway	106102.0	0.4959677065939255	1.0
stimulatory C-type lectin receptor signaling pathway	90391.0	0.8460568559939234	1.0
Ras guanyl-nucleotide exchange factor activity	105729.5	0.8114630796543398	1.0
activation of MAPK activity	144014.5	0.30036802543875285	1.0
positive regulation of I-kappaB kinase/NF-kappaB signaling	182529.0	0.3868563314467511	1.0
protein sumoylation	86277.5	0.8058936440421507	1.0
intracellular protein transport	256291.0	0.7216641889383002	1.0
early endosome	278963.0	0.520682238134973	1.0
voltage-gated potassium channel complex	119812.0	0.01993138794283417	1.0
T cell receptor signaling pathway	136365.5	0.35583010622032024	1.0
lipid binding	331408.5	0.042150084801105554	1.0
osteoblast differentiation	105302.5	0.5283444870787968	1.0
cell-cell adhesion	111204.5	0.4097922909929793	1.0
late endosome	131041.0	0.7360294583530825	1.0
protein dephosphorylation	135821.5	0.9703095256249263	1.0
collagen trimer	117588.5	0.11960671235820208	1.0
phosphoprotein phosphatase activity	101148.0	0.9952859920706236	1.0
cell-cell signaling	208196.5	0.9410684397328098	1.0
phosphatase activity	104855.0	0.6584394597773929	1.0
receptor complex	187480.0	0.18165553024920594	1.0
regulation of cell cycle	128925.0	0.5167772032118443	1.0
brain development	249747.0	0.7408970820484259	1.0
nuclear membrane	269187.5	0.4051319523830735	1.0
nuclear matrix	109252.5	0.4870493246779932	1.0
immune system process	464961.5	0.07298967741690628	1.0
positive regulation of NF-kappaB transcription factor activity	164228.0	0.02061117027454012	1.0
response to hypoxia	179454.5	0.1086457078311574	1.0
response to lipopolysaccharide	184605.0	0.412462234829434	1.0
endocytosis	221432.0	0.16163892844990518	1.0
actin filament organization	126766.0	0.38085859959346624	1.0
secretory granule	97424.5	0.719765883401845	1.0
cell migration	278912.0	0.0330880260940888	1.0
lamellipodium	197266.0	0.3840974299301899	1.0
spermatogenesis	345978.5	0.9640767497424708	1.0
vesicle	191883.0	0.0060842657319415076	1.0
transcription regulatory region DNA binding	245416.5	0.9841994024987067	1.0
transcriptional activator activity	141283.5	0.989667502696606	1.0
regulation of lipid metabolic process	114373.5	0.005892757064263758	1.0
viral process	430627.0	0.38146211736676533	1.0
protein kinase binding	378739.0	0.5763370615599834	1.0
G2/M transition of mitotic cell cycle	117201.0	0.9821405769712704	1.0
protein transport	670017.5	0.6478661518226215	1.0
enzyme binding	360530.5	0.24655123624443692	1.0
mitotic cell cycle	89835.0	0.9992426651902556	1.0
mRNA transport	67131.5	0.9959861818302639	1.0
phosphatidylinositol-4	98330.5	0.6875130333967515	1.0
DNA binding	1391040.0	1.0	1.0
regulation of translation	122378.0	0.9904180323570009	1.0
neuron differentiation	111726.5	0.9994281661538007	1.0
anchored component of membrane	102996.0	0.269989710704996	1.0
methyltransferase activity	189056.0	0.45429301335617905	1.0
methylation	189056.0	0.45429301335617905	1.0
palate development	75448.5	0.9591429606431341	1.0
dioxygenase activity	118124.0	0.03013914805600045	1.0
positive regulation of protein targeting to mitochondrion	93007.5	0.4283605754066454	1.0
small GTPase mediated signal transduction	97648.5	0.9199530415861732	1.0
trans-Golgi network	136044.5	0.5737373568411828	1.0
negative regulation of inflammatory response	103038.0	0.6183486102872643	1.0
negative regulation of neuron apoptotic process	143375.0	0.5204214984875957	1.0
cellular response to mechanical stimulus	93107.0	0.4240915211789712	1.0
phagocytic vesicle	102988.5	0.10156043811788013	1.0
fibrillar center	110688.5	0.21644246014494783	1.0
transcription factor complex	182170.5	0.9997934208877586	1.0
condensed chromosome kinetochore	104410.5	0.8442468806887788	1.0
neural tube closure	96633.0	0.7465536166876026	1.0
locomotory behavior	136611.5	0.007175424226193583	1.0
regulation of GTPase activity	96517.0	0.6478154545549518	1.0
regulation of small GTPase mediated signal transduction	150117.5	0.3898217129056967	1.0
visual perception	262657.0	0.038712496077755246	1.0
wound healing	153393.5	0.027557400802787835	1.0
Golgi lumen	122148.0	0.09262970357966199	1.0
transferase activity	163363.0	0.005678904892379706	1.0
nuclear chromosome	113816.5	0.8199772712977247	1.0
leukocyte migration	162939.5	0.2693916453779682	1.0
kidney development	120004.5	0.2101024639582747	1.0
protein phosphatase binding	87994.5	0.939859071034754	1.0
chloride transmembrane transport	104571.5	0.5577894647344606	1.0
chloride channel activity	84700.0	0.766843191605602	1.0
mitochondrion organization	99310.5	0.5348534971798125	1.0
motor activity	101574.0	0.21630896556383128	1.0
chloride transport	110675.0	0.43053282222112554	1.0
protein N-terminus binding	107669.5	0.3180146551423886	1.0
microtubule motor activity	107505.5	0.13759551409462362	1.0
microtubule-based movement	132560.5	0.04127793226512488	1.0
kinase binding	106652.5	0.35625396105083595	1.0
hemopoiesis	72467.0	0.9806363907016661	1.0
axonogenesis	99900.5	0.8171881599683148	1.0
animal organ morphogenesis	109938.5	0.937840025970152	1.0
apical part of cell	122465.5	0.04722455987693714	1.0
response to oxidative stress	161178.5	0.004321592676159236	1.0
histone binding	93027.5	0.9957036777309054	1.0
transcriptional repressor activity	83732.0	0.8722388898738137	1.0
centriole	124880.0	0.6605628955737184	1.0
PML body	102113.0	0.653619859856091	1.0
Rab GTPase binding	119810.5	0.8719601855072314	1.0
exocytosis	134724.5	0.31164569932742375	1.0
presynapse	103387.5	0.09402487211319627	1.0
viral entry into host cell	115673.0	0.0038989353901336394	1.0
bicellular tight junction	140837.0	0.09064509022695016	1.0
ubiquitin ligase complex	117527.5	0.39417047098816954	1.0
Ras protein signal transduction	99482.5	0.40510615225709223	1.0
anterior/posterior pattern specification	75243.0	0.9901242475929584	1.0
positive regulation of protein kinase B signaling	179172.0	0.234556715219908	1.0
basement membrane	115719.5	0.02485330657178143	1.0
cation transport	118596.0	0.00442032157429079	1.0
ubiquitin-dependent protein catabolic process	223364.5	0.6267949295071632	1.0
defense response to bacterium	124127.5	0.26776431181529026	1.0
P-body	66413.5	0.9968282047656656	1.0
chromatin	107384.5	0.7647707327742655	1.0
membrane organization	160506.0	0.25436605216153096	1.0
activation of GTPase activity	82392.0	0.8999680535256979	1.0
late endosome membrane	148990.5	0.0034517686662497043	1.0
multicellular organism growth	93077.5	0.9683294429608494	1.0
RNA polymerase II regulatory region sequence-specific DNA binding	198557.5	0.9972049251546542	1.0
aging	162176.0	0.29094034215950865	1.0
antigen processing and presentation of exogenous peptide antigen via MHC class II	97730.5	0.24278907813508543	1.0
proteasome-mediated ubiquitin-dependent protein catabolic process	187455.0	0.8582849861433672	1.0
melanosome	144262.0	0.012187363949583191	1.0
chromosome	353091.5	0.9680875207844637	1.0
positive regulation of endothelial cell proliferation	88679.0	0.6152741294002926	1.0
single-stranded DNA binding	97946.0	0.4692445379904901	1.0
ciliary basal body-plasma membrane docking	91098.5	0.9896011064836958	1.0
regulation of G2/M transition of mitotic cell cycle	77251.5	0.9916420388746371	1.0
rRNA processing	168612.0	0.4557755704672192	1.0
DNA repair	356008.5	0.8326501384452558	1.0
DNA recombination	103091.5	0.4993424381877648	1.0
nucleic acid phosphodiester bond hydrolysis	124981.0	0.5548317555567267	1.0
nuclease activity	133623.0	0.4521410116044252	1.0
macromolecular complex assembly	131470.5	0.0921744069805685	1.0
cell	99801.5	0.3920462123729749	1.0
Wnt signaling pathway	85275.5	0.8341731612640368	1.0
response to organic cyclic compound	119557.5	0.2230714231425855	1.0
positive regulation of canonical Wnt signaling pathway	101151.5	0.9952815747762092	1.0
platelet activation	125964.0	0.08144604256141852	1.0
phosphatidylinositol biosynthetic process	91609.0	0.48902244232857917	1.0
sister chromatid cohesion	108608.5	0.9843914838504794	1.0
chromosome	170906.0	0.9307250723704471	1.0
kinetochore	112615.5	0.978968357785168	1.0
nucleotidyltransferase activity	102713.0	0.10701428012028924	1.0
cellular-component	368369.5	0.9300886674100884	1.0
post-embryonic development	116672.5	0.31683815659320896	1.0
histone deacetylase binding	99001.5	0.9987685074414535	1.0
protein C-terminus binding	232232.0	0.13153364266016881	1.0
protein heterooligomerization	94193.0	0.6258674135923336	1.0
negative regulation of protein kinase activity	153703.5	0.04818747506440643	1.0
protein kinase inhibitor activity	95590.5	0.3216134868613899	1.0
negative regulation of peptidase activity	108158.5	0.03299937117976431	1.0
negative regulation of endopeptidase activity	113164.0	0.021022412547182925	1.0
cell-cell junction	174406.0	0.4569941715654918	1.0
heart development	233917.5	0.5745511681856242	1.0
neuron projection	335463.5	0.2823368963084231	1.0
ficolin-1-rich granule lumen	123017.5	0.07899455323948401	1.0
secretory granule lumen	142887.5	0.01699129705420062	1.0
growth factor activity	111581.0	0.9988400982952094	1.0
protease binding	121876.5	0.053421331875136625	1.0
positive regulation of angiogenesis	149019.5	0.24135186241551	1.0
activation of cysteine-type endopeptidase activity involved in apoptotic process	122195.0	0.024440756374527882	1.0
guanyl-nucleotide exchange factor activity	176886.5	0.6471270644112975	1.0
ossification	107294.0	0.7674785125341332	1.0
potassium ion transport	159203.5	0.030396972006467446	1.0
RNA polymerase II proximal promoter sequence-specific DNA binding	342644.5	0.9999999961249989	1.0
cellular response to lipopolysaccharide	108359.0	0.9538889720131242	1.0
postsynaptic density	235380.5	0.3054267075947241	1.0
synaptic vesicle	130542.5	0.5635017898790281	1.0
regulation of transcription from RNA polymerase II promoter	566567.5	0.9999999999993483	1.0
DNA binding transcription factor activity	690538.0	0.999999999994474	1.0
circadian rhythm	108561.0	0.8108639834481663	1.0
RNA polymerase II transcription factor activity	705846.5	0.9999999999999942	1.0
negative regulation of transcription from RNA polymerase II promoter	654326.5	0.9999997889940323	1.0
transcriptional repressor activity	122080.5	0.9993998851863388	1.0
protein domain specific binding	277469.0	0.8008306410551589	1.0
negative regulation of transcription	454119.0	0.9960091120900996	1.0
transcription corepressor activity	161890.0	0.9984304474139676	1.0
rhythmic process	117939.0	0.9399175122398483	1.0
protein heterodimerization activity	434947.5	0.8994722043007817	1.0
transcription	1488094.5	1.0	1.0
regulation of transcription	1551477.0	1.0	1.0
axon guidance	208332.0	0.9137999649757635	1.0
nervous system development	477041.0	0.9102835189925726	1.0
protein deubiquitination	229431.5	0.9837923058023244	1.0
thiol-dependent ubiquitin-specific protease activity	78072.0	0.926992493407806	1.0
thiol-dependent ubiquitinyl hydrolase activity	81446.0	0.9528419096114367	1.0
cysteine-type peptidase activity	145090.5	0.46083669902336966	1.0
ubiquitin protein ligase binding	315003.0	0.611040774341623	1.0
macroautophagy	108555.0	0.11458280504301599	1.0
synapse	586868.5	0.3502014594038801	1.0
translation	271480.5	0.040344216887424976	1.0
positive regulation of cell proliferation	413674.0	0.9997177274195547	1.0
integral component of endoplasmic reticulum membrane	114688.5	0.18879086724427213	1.0
G-protein coupled receptor signaling pathway	756584.5	0.7459114212548037	1.0
regulation of signal transduction by p53 class mediator	145453.0	0.8027455141907858	1.0
glucose homeostasis	131895.0	0.5147063876257263	1.0
Wnt signaling pathway	199639.0	0.9182913719296393	1.0
chromatin organization	251842.0	0.9998810904480716	1.0
chromatin binding	337313.5	0.9985103334569507	1.0
regulation of gene expression	170030.0	0.9845118713197352	1.0
cell cycle arrest	126400.0	0.9371025018961985	1.0
Golgi apparatus	1273294.0	0.24013962397008604	1.0
nuclear speck	343820.5	0.9956910508528546	1.0
autophagy	156921.5	0.552737267467455	1.0
ion channel binding	151286.5	0.004520176356970095	1.0
transmembrane signaling receptor activity	278677.0	0.19786981020430483	1.0
multicellular organism development	990158.0	0.9999937225314783	1.0
immune response	284851.5	0.5165888767716428	1.0
negative regulation of apoptotic process	460430.5	0.9591060908614173	1.0
positive regulation of GTPase activity	338149.0	0.8106328511946528	1.0
positive regulation of cell migration	184106.0	0.6038052765239327	1.0
receptor activity	258619.0	0.18730363094190883	1.0
positive regulation of peptidyl-tyrosine phosphorylation	102243.0	0.19578391773363768	1.0
regulation of cell shape	173040.5	0.4081575646585415	1.0
receptor binding	446546.5	0.10443556270036303	1.0
positive regulation of phosphatidylinositol 3-kinase signaling	106006.0	0.05447868662324469	1.0
protein ubiquitination	560785.0	0.864794506007861	1.0
cell adhesion	620767.5	0.004414606507193665	1.0
muscle contraction	119023.5	0.02426141823354518	1.0
intracellular	1101772.5	0.5721932728133758	1.0
focal adhesion	444438.5	0.0037126733688635904	1.0
lipid catabolic process	153419.5	0.002467604575690936	1.0
cell junction	842838.5	0.29176728931893325	1.0
lysosomal membrane	390500.0	0.003407074576130979	1.0
extracellular region	1955489.5	0.004822305637609513	1.0
cytoplasmic vesicle	770770.5	0.1574748742591478	1.0
positive regulation of transcription from RNA polymerase II promoter	935456.0	0.9999998920715047	1.0
spliceosomal complex	106469.5	0.9997557890739431	1.0
helicase activity	179626.5	0.039755557793720815	1.0
RNA splicing	211683.0	0.9997211141859805	1.0
mRNA splicing	161070.0	0.9999147251664585	1.0
nucleolus	810971.5	0.7599248395999637	1.0
transcription factor binding	283593.0	0.9951288018438242	1.0
defense response to virus	140464.0	0.22895257950097408	1.0
cytosol	3552898.5	0.5001890010415041	1.0
cell proliferation	355597.5	0.8381597811799508	1.0
metal ion binding	2852011.5	0.07120646446277357	1.0
cell differentiation	864464.5	0.8706212424192804	1.0
nucleus	3370651.0	1.0	1.0
mRNA processing	310251.5	0.9967845139933647	1.0
apoptotic process	658949.0	0.39100320746684813	1.0
protein binding	4111940.0	0.8156481829026003	1.0
RNA binding	1240125.0	0.9807139239905146	1.0
nucleotide binding	1778582.0	0.020623853384538635	1.0
nucleic acid binding	845233.5	0.9999997300058182	1.0
cytoplasm	4096204.0	0.5575723683442718	1.0
signal transducer activity	674964.5	0.654668659935883	1.0
protein stabilization	134990.5	0.3030496664603335	1.0
protein serine/threonine kinase activity	429682.5	0.9376033219807389	1.0
Z disc	136661.0	0.007078508983789573	1.0
actin binding	363061.5	0.09314178834833092	1.0
integrin binding	157546.5	0.1785501508285584	1.0
regulation of apoptotic process	289794.0	0.16006423537351117	1.0
peptidyl-serine phosphorylation	157181.5	0.6365905315758451	1.0
macromolecular complex	471250.5	0.9763689037638474	1.0
negative regulation of canonical Wnt signaling pathway	148312.0	0.7296521650099317	1.0
positive regulation of peptidyl-serine phosphorylation	104968.0	0.8308781520668331	1.0
positive regulation of apoptotic process	401991.5	0.22872930373858547	1.0
nucleoplasm	2408732.0	0.9999460931156731	1.0
central nervous system development	118392.5	0.9605176695872564	1.0
protein kinase activity	580686.5	0.6408492971539956	1.0
positive regulation of protein phosphorylation	166072.5	0.8881050111736396	1.0
protein phosphorylation	692687.5	0.6714443784255184	1.0
protein dimerization activity	193311.5	0.9995169563887314	1.0
kinase activity	743843.0	0.34834347216573336	1.0
protein autophosphorylation	204381.0	0.34880523866533136	1.0
magnesium ion binding	223585.5	0.3831247443156521	1.0
protein homodimerization activity	817181.0	0.003730954154354165	1.0
signal transduction	1708628.5	0.14862027354562074	1.0
intracellular signal transduction	491732.0	0.7451749313608995	1.0
nuclear body	304000.5	0.7247726215073335	1.0
phosphorylation	747856.5	0.3688734523776903	1.0
negative regulation of cell proliferation	460228.0	0.6745432731351825	1.0
identical protein binding	1030292.0	0.008771576509691544	1.0
G-protein coupled receptor activity	520485.5	0.20912541733123607	1.0
transport vesicle	95050.0	0.4673150041002994	1.0
calmodulin binding	213529.5	0.06450406469850967	1.0
cell projection organization	159923.5	0.5492008478891177	1.0
ciliary basal body	129344.5	0.7013321261195907	1.0
cytoskeleton organization	161896.5	0.4845360591653472	1.0
recycling endosome	156738.5	0.0835274592328571	1.0
protein localization to plasma membrane	150768.0	0.005207533927062194	1.0
regulation of cell proliferation	256973.0	0.4214553412589452	1.0
peptidyl-tyrosine phosphorylation	192650.0	0.8151034442591972	1.0
axon	363057.5	0.022667444013235432	1.0
transmembrane receptor protein tyrosine kinase signaling pathway	164777.5	0.1000974311502894	1.0
early endosome membrane	163581.0	0.7006231984370291	1.0
protein tyrosine kinase activity	184775.5	0.8564521065845094	1.0
cilium assembly	170016.0	0.909757265906519	1.0
endosome	772601.5	0.003402088485374079	1.0
Notch signaling pathway	91554.5	0.9591633699922806	1.0
centrosome	438471.5	0.9999776931577018	1.0
microtubule organizing center	337195.5	0.9999918950291481	1.0
ribosome biogenesis	122043.5	0.02534962065445355	1.0
cytokine-mediated signaling pathway	310409.5	0.7624753487282399	1.0
regulation of mRNA stability	88236.5	0.8934042522424387	1.0
mRNA binding	137382.0	0.9025745870425748	1.0
blood coagulation	225251.0	0.015167379672920657	1.0
intracellular ribonucleoprotein complex	275058.5	0.6818177469471396	1.0
RNA processing	136073.5	0.5727252128342224	1.0
transcription coactivator activity	214000.0	0.9997380380242836	1.0
dephosphorylation	154808.5	0.24679319693712476	1.0
transcription from RNA polymerase II promoter	534280.5	0.999998121702328	1.0
cell division	353859.0	0.9973837874559055	1.0
ubiquitin-protein transferase activity	393867.0	0.13936404282415804	1.0
tumor necrosis factor-mediated signaling pathway	117721.5	0.791902734387222	1.0
macromolecular complex binding	187212.5	0.5969255858082134	1.0
G1/S transition of mitotic cell cycle	109346.5	0.7020116922686243	1.0
negative regulation of gene expression	196416.0	0.9475188930220291	1.0
response to ethanol	148867.0	0.018597587671416692	1.0
response to drug	291985.0	0.04423273576882591	1.0
cellular response to hypoxia	95235.0	0.5833215980294838	1.0
biological-process	467341.0	0.92166829588278	1.0
chromatin remodeling	71792.5	0.9993649794385836	1.0
response to estradiol	105544.5	0.2863603855050378	1.0
positive regulation of gene expression	357095.0	0.6740123316080553	1.0
binding	414459.5	0.17246502362497174	1.0
double-stranded DNA binding	106709.5	0.9074017994170878	1.0
in utero embryonic development	182981.5	0.9857750291000312	1.0
MAPK cascade	266821.5	0.9079448307674838	1.0
nuclear chromatin	165324.0	0.9938975318857539	1.0
ion channel activity	182939.0	0.2908076447247726	1.0
voltage-gated ion channel activity	160388.0	0.005325051881311875	1.0
ubiquitin protein ligase activity	221791.0	0.6672592377442242	1.0
positive regulation of cell growth	104862.0	0.20874638347276586	1.0
sequence-specific DNA binding	489443.5	0.9999999242460564	1.0
anatomical structure morphogenesis	113348.5	0.9990770221117041	1.0
neuropeptide signaling pathway	84704.0	0.907822790258958	1.0
transcriptional activator activity	226170.5	0.99999951507439	1.0
nuclear envelope	168639.5	0.6370046088890737	1.0
potassium ion transmembrane transport	156161.5	0.14380748701469181	1.0
transcription initiation from RNA polymerase II promoter	171680.0	0.6318355928671893	1.0
cytokine activity	136041.5	0.9999918510027145	1.0
cellular response to leukemia inhibitory factor	94000.0	0.5123948474579367	1.0
heparin binding	177906.0	0.34964421066228246	1.0
neuron projection development	118364.0	0.7743609532505028	1.0
mitochondrial outer membrane	190630.5	0.015953183800014682	1.0
protein homooligomerization	187209.0	0.42203527633523485	1.0
positive regulation of cytosolic calcium ion concentration	138978.0	0.36759457614001034	1.0
GTPase activator activity	294617.0	0.7435041182116274	1.0
cilium	311564.0	0.07673339331169401	1.0
cytoskeleton	1206569.5	0.9802809199554816	1.0
zinc ion binding	766412.5	0.2647697124171895	1.0
metallopeptidase activity	247496.5	0.038341974434188644	1.0
collagen binding	119509.0	0.003298861208198065	1.0
metalloendopeptidase activity	147978.0	0.46209964570073125	1.0
proteinaceous extracellular matrix	488459.5	0.0065295824835283215	1.0
ion transmembrane transport	333237.0	0.0028707739822295296	1.0
protein glycosylation	202704.0	0.24078934365137405	1.0
carbohydrate binding	175155.0	0.05062333571809433	1.0
Golgi membrane	615929.0	0.9155972814377356	1.0
transferase activity	266108.5	0.0825701711017704	1.0
perikaryon	130694.5	0.031215841835037228	1.0
cell projection	916173.0	0.09055496182153128	1.0
dendrite	396166.5	0.6759977051488271	1.0
cellular calcium ion homeostasis	131505.5	0.004789004258947623	1.0
dendritic spine	141823.0	0.19327976047641082	1.0
extracellular matrix disassembly	117163.0	0.0023733407177324727	1.0
transcription elongation from RNA polymerase II promoter	96733.0	0.3961609941669575	1.0
positive regulation of transcription	538364.0	0.9999999768882744	1.0
molecular-function	594766.0	0.8489319785513746	1.0
cellular response to tumor necrosis factor	88615.0	0.7294305003711856	1.0
regulation of receptor activity	289968.5	0.9999999524338326	1.0
inflammatory response	361044.5	0.061389386063058465	1.0
positive regulation of ERK1 and ERK2 cascade	213324.0	0.10111476702460626	1.0
hormone activity	50799.5	0.9999985946621917	1.0
cellular response to DNA damage stimulus	474496.5	0.7562031308142811	1.0
cell cycle	557861.5	0.9932993907473093	1.0
integrin-mediated signaling pathway	109155.5	0.2655459004078393	1.0
negative regulation of cell growth	111995.5	0.7943312850976095	1.0
cell-matrix adhesion	141592.0	0.01063276188491232	1.0
SH3 domain binding	116711.5	0.7398453056448755	1.0
cell surface receptor signaling pathway	287168.0	0.45946246132648966	1.0
innate immune response	437719.0	0.00655301610261459	1.0
acrosomal vesicle	101918.5	0.2055880462120363	1.0
angiogenesis	363970.0	0.029943680842406666	1.0
endomembrane system	171634.5	0.45241933255009265	1.0
meiotic cell cycle	101711.5	0.9994047471135916	1.0
male gonad development	86418.5	0.97667289508009	1.0
cellular protein modification process	117237.5	0.4051051682038084	1.0
protein folding	149726.0	0.40284212430334526	1.0
ER to Golgi vesicle-mediated transport	163721.0	0.8325440513655591	1.0
regulation of molecular function	261074.5	0.8404304468071202	1.0
vesicle-mediated transport	237505.5	0.8598159918178705	1.0
ATPase activity	198229.5	0.012161485674041312	1.0
negative regulation of cell migration	99648.5	0.9301556614668262	1.0
positive regulation of DNA binding transcription factor activity	94987.5	0.8684193718381159	1.0
