category	watterson	tajima	fay_wu	pop	species	method	D_tajima	H_fay_wu
$1<S$	0.14180740409857912	0.131405969075872	0.09081625314635024	Barbados	Chlorocebus_sabaeus	MutSel	-0.010401435022707128	0.04058971592952175
$0<S<1$	0.14490674318507893	0.13166480684414686	0.09055741537807536	Barbados	Chlorocebus_sabaeus	MutSel	-0.01324193634093207	0.041107391466071494
Synonymous	0.14364079714982075	0.13142843848874006	0.09079378373348222	Barbados	Chlorocebus_sabaeus	MutSel	-0.012212358661080697	0.040634654755257835
$-1<S<0$	0.1459382143412967	0.13269344709088754	0.08952877513133467	Barbados	Chlorocebus_sabaeus	MutSel	-0.013244767250409156	0.04316467195955287
$-3<S<-1$	0.1472941382291022	0.13574715637752885	0.08647506584469335	Barbados	Chlorocebus_sabaeus	MutSel	-0.011546981851573351	0.0492720905328355
$S<-3$	0.15830529408871394	0.14379290742927106	0.07842931479295115	Barbados	Chlorocebus_sabaeus	MutSel	-0.014512386659442877	0.06536359263631991
$1<S$	0.13518002703021642	0.12045855379188715	0.10176366843033507	Barbados	Chlorocebus_sabaeus	Omega	-0.014721473238329272	0.018694885361552074
$0<S<1$	0.14445263577422074	0.1332033788174139	0.08901884340480833	Barbados	Chlorocebus_sabaeus	Omega	-0.011249256956806841	0.04418453541260557
Synonymous	0.14364079714982075	0.13142843848874006	0.09079378373348222	Barbados	Chlorocebus_sabaeus	Omega	-0.012212358661080697	0.040634654755257835
$-1<S<0$	0.14426090959218096	0.13173354059393114	0.09048868162829107	Barbados	Chlorocebus_sabaeus	Omega	-0.012527368998249827	0.04124485896564006
$-3<S<-1$	0.14653799889416486	0.1347013875359872	0.08752083468623502	Barbados	Chlorocebus_sabaeus	Omega	-0.011836611358177651	0.047180552849752186
$S<-3$	0.1574613758168754	0.14279024095475487	0.07943198126746732	Barbados	Chlorocebus_sabaeus	Omega	-0.014671134862120516	0.06335825968728755
$1<S$	0.13604639849591688	0.09345819733815204	0.03987513599518131	CAR	Chlorocebus_sabaeus	MutSel	-0.042588201157764835	0.05358306134297073
$0<S<1$	0.13438884607754958	0.0936457014856945	0.0396876318476388	CAR	Chlorocebus_sabaeus	MutSel	-0.04074314459185509	0.053958069638055696
Synonymous	0.1303176983045518	0.09228113834343064	0.04105219498990268	CAR	Chlorocebus_sabaeus	MutSel	-0.038036559961121166	0.05122894335352796
$-1<S<0$	0.13344139301967062	0.09314812850083352	0.0401852048324998	CAR	Chlorocebus_sabaeus	MutSel	-0.040293264518837094	0.052962923668333724
$-3<S<-1$	0.14096902590133176	0.0960948886816349	0.03723844465169844	CAR	Chlorocebus_sabaeus	MutSel	-0.04487413721969685	0.058856444029936464
$S<-3$	0.15908585746483878	0.10168872875717314	0.03164460457616021	CAR	Chlorocebus_sabaeus	MutSel	-0.05739712870766564	0.07004412418101293
$1<S$	0.10961614589913858	0.08352874893646774	0.049804584396865616	CAR	Chlorocebus_sabaeus	Omega	-0.026087396962670845	0.03372416453960212
$0<S<1$	0.12935036621239865	0.09211002962060934	0.04122330371272402	CAR	Chlorocebus_sabaeus	Omega	-0.03724033659178931	0.050886725907885316
Synonymous	0.1303601553258168	0.09227522063511336	0.04105811269821998	CAR	Chlorocebus_sabaeus	Omega	-0.03808493469070344	0.05121710793689337
$-1<S<0$	0.13316600563170705	0.09311092942817292	0.040222403905160416	CAR	Chlorocebus_sabaeus	Omega	-0.04005507620353413	0.05288852552301251
$-3<S<-1$	0.1401139268696558	0.09570255755967548	0.03763077577365785	CAR	Chlorocebus_sabaeus	Omega	-0.04441136930998031	0.05807178178601763
$S<-3$	0.15892169718951232	0.10158233064752843	0.031751002685804906	CAR	Chlorocebus_sabaeus	Omega	-0.05733936654198389	0.06983132796172353
$1<S$	0.1350435343426824	0.08969793622654135	0.043635397106791984	Ethiopia	Chlorocebus_sabaeus	MutSel	-0.045345598116141056	0.04606253911974936
$0<S<1$	0.13594979304935742	0.09074809729262473	0.04258523604070859	Ethiopia	Chlorocebus_sabaeus	MutSel	-0.04520169575673269	0.04816286125191614
Synonymous	0.13228290434706086	0.08887394458940362	0.0444593887439297	Ethiopia	Chlorocebus_sabaeus	MutSel	-0.04340895975765724	0.04441455584547392
$-1<S<0$	0.13561024466385976	0.09009933609444866	0.043233997238884665	Ethiopia	Chlorocebus_sabaeus	MutSel	-0.045510908569411104	0.046865338855563994
$-3<S<-1$	0.14015154153095544	0.09234591427853084	0.040987419054802535	Ethiopia	Chlorocebus_sabaeus	MutSel	-0.0478056272524246	0.051358495223728304
$S<-3$	0.15213583890047536	0.09788274312876136	0.03545059020457196	Ethiopia	Chlorocebus_sabaeus	MutSel	-0.054253095771714	0.062432152924189396
$1<S$	0.12343990784295696	0.08602492375270354	0.047308409580629776	Ethiopia	Chlorocebus_sabaeus	Omega	-0.037414984090253414	0.038716514172073765
$0<S<1$	0.1338297257836641	0.08911747915423647	0.04421585417909685	Ethiopia	Chlorocebus_sabaeus	Omega	-0.04471224662942762	0.04490162497513962
Synonymous	0.13230076451230866	0.08890266659131454	0.0444306667420188	Ethiopia	Chlorocebus_sabaeus	Omega	-0.04339809792099411	0.04447199984929574
$-1<S<0$	0.13636967510118966	0.09076914203695567	0.04256419129637767	Ethiopia	Chlorocebus_sabaeus	Omega	-0.04560053306423399	0.048204950740578005
$-3<S<-1$	0.13838540079854406	0.09144078658411396	0.04189254674921938	Ethiopia	Chlorocebus_sabaeus	Omega	-0.046944614214430094	0.049548239834894585
$S<-3$	0.15149444451053712	0.097477106914328	0.03585622641900532	Ethiopia	Chlorocebus_sabaeus	Omega	-0.05401733759620912	0.061620880495322675
$1<S$	0.1362928000164549	0.09212592441458507	0.04120740891874825	Gambia	Chlorocebus_sabaeus	MutSel	-0.04416687560186984	0.05091851549583682
$0<S<1$	0.13658379198857598	0.0930936781743012	0.04023965515903216	Gambia	Chlorocebus_sabaeus	MutSel	-0.04349011381427478	0.052854023015269036
Synonymous	0.13313622740814335	0.0918357970991482	0.04149753623418512	Gambia	Chlorocebus_sabaeus	MutSel	-0.04130043030899515	0.05033826086496308
$-1<S<0$	0.138748470455151	0.0944214117852568	0.03891192154807655	Gambia	Chlorocebus_sabaeus	MutSel	-0.04432705866989421	0.05550949023718025
$-3<S<-1$	0.1492734413848467	0.0976327788459652	0.03570055448736816	Gambia	Chlorocebus_sabaeus	MutSel	-0.051640662538881485	0.06193222435859704
$S<-3$	0.16905247582318692	0.10399604836133	0.029337284972003337	Gambia	Chlorocebus_sabaeus	MutSel	-0.06505642746185691	0.07465876338932667
$1<S$	0.11434566465874535	0.08545258901437837	0.04788074431895495	Gambia	Chlorocebus_sabaeus	Omega	-0.02889307564436698	0.03757184469542342
$0<S<1$	0.13512743366619187	0.09212805586893133	0.04120527746440195	Gambia	Chlorocebus_sabaeus	Omega	-0.04299937779726054	0.05092277840452938
Synonymous	0.13334706235970986	0.0918893715900116	0.041443961743321725	Gambia	Chlorocebus_sabaeus	Omega	-0.041457690769698255	0.05044540984668988
$-1<S<0$	0.13826050411943566	0.09415151320354072	0.039181820129792586	Gambia	Chlorocebus_sabaeus	Omega	-0.044108990915894944	0.05496969307374813
$-3<S<-1$	0.14596042650689742	0.09627995339159026	0.03705337994174305	Gambia	Chlorocebus_sabaeus	Omega	-0.049680473115307155	0.05922657344984721
$S<-3$	0.16635464757602414	0.10315111702007776	0.03018221631325556	Gambia	Chlorocebus_sabaeus	Omega	-0.06320353055594638	0.0729689007068222
$1<S$	0.21450575438385064	0.18432851029142044	0.10138577542286528	Kenya	Chlorocebus_sabaeus	MutSel	-0.030177244092430194	0.08294273486855516
$0<S<1$	0.20979277707909136	0.1833632569875777	0.10235102872670808	Kenya	Chlorocebus_sabaeus	MutSel	-0.02642952009151367	0.08101222826086961
Synonymous	0.20789477659955355	0.1819995357339755	0.10371474998031016	Kenya	Chlorocebus_sabaeus	MutSel	-0.02589524086557804	0.07828478575366535
$-1<S<0$	0.2074888791331194	0.18256833419288296	0.1031459515214028	Kenya	Chlorocebus_sabaeus	MutSel	-0.024920544940236433	0.07942238267148016
$-3<S<-1$	0.21309967968879925	0.18508858267716533	0.10062570303712036	Kenya	Chlorocebus_sabaeus	MutSel	-0.02801109701163393	0.08446287964004497
$S<-3$	0.23315828062653784	0.19626552007343348	0.08944876564085223	Kenya	Chlorocebus_sabaeus	MutSel	-0.036892760553104365	0.10681675443258125
$1<S$	0.20597945629658107	0.18089700996677746	0.10481727574750828	Kenya	Chlorocebus_sabaeus	Omega	-0.02508244632980361	0.07607973421926918
$0<S<1$	0.2065651437144142	0.1798311917359536	0.10588309397833208	Kenya	Chlorocebus_sabaeus	Omega	-0.026733951978460596	0.07394809775762153
Synonymous	0.20789477659955355	0.1819995357339755	0.10371474998031016	Kenya	Chlorocebus_sabaeus	Omega	-0.02589524086557804	0.07828478575366535
$-1<S<0$	0.20755109128536287	0.1819745777991466	0.10373970791513913	Kenya	Chlorocebus_sabaeus	Omega	-0.025576513486216257	0.07823486988400748
$-3<S<-1$	0.21301633488644964	0.18541033434650456	0.10030395136778114	Kenya	Chlorocebus_sabaeus	Omega	-0.02760600053994508	0.08510638297872342
$S<-3$	0.2336163115383896	0.19647022074135775	0.08924406497292793	Kenya	Chlorocebus_sabaeus	Omega	-0.03714609079703185	0.10722615576842982
$1<S$	0.09817156791880766	0.08118137891420188	0.05215195441913146	Nevis	Chlorocebus_sabaeus	MutSel	-0.016990189004605777	0.02902942449507042
$0<S<1$	0.09819887926505308	0.08188423526879939	0.05144909806453397	Nevis	Chlorocebus_sabaeus	MutSel	-0.016314643996253694	0.030435137204265418
Synonymous	0.09385897054542157	0.08026894562697752	0.05306438770635583	Nevis	Chlorocebus_sabaeus	MutSel	-0.01359002491844405	0.027204557920621687
$-1<S<0$	0.09695889084626258	0.08232463385865486	0.05100869947467847	Nevis	Chlorocebus_sabaeus	MutSel	-0.014634256987607716	0.031315934383976396
$-3<S<-1$	0.10037372696248716	0.08401300122670077	0.049320332106632565	Nevis	Chlorocebus_sabaeus	MutSel	-0.016360725735786383	0.03469266912006821
$S<-3$	0.1109229863034914	0.0893206676849049	0.04401266564842845	Nevis	Chlorocebus_sabaeus	MutSel	-0.021602318618586497	0.045308002036476454
$1<S$	0.1023948399239884	0.08459532760869701	0.04873800572463631	Nevis	Chlorocebus_sabaeus	Omega	-0.017799512315291394	0.0358573218840607
$0<S<1$	0.09672282770954607	0.08039407093885961	0.05293926239447369	Nevis	Chlorocebus_sabaeus	Omega	-0.01632875677068646	0.027454808544385922
Synonymous	0.0939499511701778	0.08030469173178176	0.0530286416015516	Nevis	Chlorocebus_sabaeus	Omega	-0.013645259438396048	0.027276050130230156
$-1<S<0$	0.09811175931296903	0.08227889308348453	0.05105444024984876	Nevis	Chlorocebus_sabaeus	Omega	-0.015832866229484502	0.03122445283363577
$-3<S<-1$	0.09827049626180924	0.08272903416169422	0.05060429917163914	Nevis	Chlorocebus_sabaeus	Omega	-0.01554146210011502	0.03212473499005508
$S<-3$	0.11118464734351403	0.08961821860951663	0.04371511472381673	Nevis	Chlorocebus_sabaeus	Omega	-0.021566428733997403	0.0459031038856999
$1<S$	0.10807980407409072	0.0843239864622998	0.04900934687103354	SK	Chlorocebus_sabaeus	MutSel	-0.023755817611790922	0.03531463959126626
$0<S<1$	0.10954662188259402	0.08575774179354402	0.04757559153978928	SK	Chlorocebus_sabaeus	MutSel	-0.023788880089050002	0.03818215025375474
Synonymous	0.10885442797319236	0.08472835204262534	0.048604981290708	SK	Chlorocebus_sabaeus	MutSel	-0.024126075930567023	0.03612337075191734
$-1<S<0$	0.110444131281651	0.0860816326317594	0.04725170070157395	SK	Chlorocebus_sabaeus	MutSel	-0.024362498649891595	0.03882993193018545
$-3<S<-1$	0.1167008717138047	0.08884619614939386	0.04448713718393947	SK	Chlorocebus_sabaeus	MutSel	-0.027854675564410833	0.04435905896545439
$S<-3$	0.13122676472942268	0.0958275119029926	0.037505821430340716	SK	Chlorocebus_sabaeus	MutSel	-0.03539925282643008	0.058321690472651885
$1<S$	0.10266327808294133	0.08214982616309481	0.051183507170238514	SK	Chlorocebus_sabaeus	Omega	-0.02051345191984652	0.030966318992856297
$0<S<1$	0.10824945449791576	0.08432241980713362	0.049010913526199705	SK	Chlorocebus_sabaeus	Omega	-0.02392703469078214	0.035311506280933914
Synonymous	0.10914870333147388	0.08478914339688319	0.04854418993645016	SK	Chlorocebus_sabaeus	Omega	-0.024359559934590685	0.03624495346043303
$-1<S<0$	0.11262090317586397	0.08687607992384881	0.04645725340948452	SK	Chlorocebus_sabaeus	Omega	-0.02574482325201516	0.04041882651436429
$-3<S<-1$	0.11380047550161107	0.08741181459682451	0.045921518736508835	SK	Chlorocebus_sabaeus	Omega	-0.02638866090478656	0.041490295860315676
$S<-3$	0.12876157807813166	0.09473551185637187	0.038597821476961454	SK	Chlorocebus_sabaeus	Omega	-0.034026066221759785	0.05613769037941042
$1<S$	0.1493016760914383	0.09640446851555837	0.036928864817774965	SA	Chlorocebus_sabaeus	MutSel	-0.05289720757587993	0.0594756036977834
$0<S<1$	0.14915991503412446	0.09609964454055424	0.037233688792779086	SA	Chlorocebus_sabaeus	MutSel	-0.05306027049357022	0.05886595574777515
Synonymous	0.14446404987257122	0.09451789602335972	0.0388154373099736	SA	Chlorocebus_sabaeus	MutSel	-0.0499461538492115	0.055702458713386124
$-1<S<0$	0.15025693234518694	0.09634544787463596	0.0369878854586974	SA	Chlorocebus_sabaeus	MutSel	-0.05391148447055098	0.059357562415938564
$-3<S<-1$	0.1570986742534023	0.0982113806032978	0.03512195273003557	SA	Chlorocebus_sabaeus	MutSel	-0.05888729365010449	0.06308942787326223
$S<-3$	0.17665823033454758	0.10429596434681276	0.029037368986520564	SA	Chlorocebus_sabaeus	MutSel	-0.07236226598773482	0.0752585953602922
$1<S$	0.12744052612760293	0.08878826500095123	0.044545068332382136	SA	Chlorocebus_sabaeus	Omega	-0.038652261126651696	0.044243196668569094
$0<S<1$	0.14295035120463426	0.09424785177342597	0.03908548155990731	SA	Chlorocebus_sabaeus	Omega	-0.04870249943120829	0.055162370213518656
Synonymous	0.14445397692098447	0.09447868144144148	0.03885465189189182	SA	Chlorocebus_sabaeus	Omega	-0.04997529547954299	0.055624029549549654
$-1<S<0$	0.1490936475602982	0.09596732080686207	0.03736601252647125	SA	Chlorocebus_sabaeus	Omega	-0.05312632675343612	0.05860130828039082
$-3<S<-1$	0.15609899971907532	0.09805700284341223	0.035276330489921084	SA	Chlorocebus_sabaeus	Omega	-0.05804199687566308	0.06278067235349115
$S<-3$	0.17631000326203042	0.10436555100244747	0.028967782330885837	SA	Chlorocebus_sabaeus	Omega	-0.07194445225958294	0.07539776867156164
$1<S$	0.15044408318126534	0.09589853882354467	0.037434794509788656	Zambia	Chlorocebus_sabaeus	MutSel	-0.054545544357720674	0.05846374431375601
$0<S<1$	0.14942660117268855	0.0961204223821355	0.03721291095119785	Zambia	Chlorocebus_sabaeus	MutSel	-0.05330617879055305	0.05890751143093765
Synonymous	0.1456301923785509	0.09505157945601188	0.03828175387732145	Zambia	Chlorocebus_sabaeus	MutSel	-0.050578612922539026	0.056769825578690425
$-1<S<0$	0.1472168097313652	0.09535578847926204	0.03797754485407128	Zambia	Chlorocebus_sabaeus	MutSel	-0.05186102125210315	0.05737824362519076
$-3<S<-1$	0.1541474674170902	0.09822662235584227	0.03510671097749107	Zambia	Chlorocebus_sabaeus	MutSel	-0.055920845061247934	0.06311991137835121
$S<-3$	0.16947114571760302	0.10335012358801586	0.02998320974531748	Zambia	Chlorocebus_sabaeus	MutSel	-0.06612102212958716	0.07336691384269838
$1<S$	0.13563472754780356	0.09136543610917423	0.0419678972241591	Zambia	Chlorocebus_sabaeus	Omega	-0.04426929143862933	0.049397538885015135
$0<S<1$	0.1455313415086342	0.09448131584220708	0.03885201749112625	Zambia	Chlorocebus_sabaeus	Omega	-0.05105002566642712	0.055629298351080825
Synonymous	0.14567707171591493	0.09505800831432253	0.038275325019010834	Zambia	Chlorocebus_sabaeus	Omega	-0.050619063401592404	0.05678268329531169
$-1<S<0$	0.14717815312924792	0.09542797855709327	0.03790535477624005	Zambia	Chlorocebus_sabaeus	Omega	-0.05175017457215465	0.057522623780853224
$-3<S<-1$	0.153481079894068	0.09783373189445482	0.035499601438878516	Zambia	Chlorocebus_sabaeus	Omega	-0.055647347999613184	0.06233413045557631
$S<-3$	0.16989676648465646	0.10335188200523007	0.029981451328103238	Zambia	Chlorocebus_sabaeus	Omega	-0.06654488447942639	0.07337043067712684
$1<S$	0.15780997638975766	0.0955009872563941	0.03783234607693923	AFR	Homo_sapiens	MutSel	-0.062308989133363565	0.05766864117945487
$0<S<1$	0.1715919002343168	0.10115251189454648	0.03218082143878683	AFR	Homo_sapiens	MutSel	-0.07043938833977033	0.06897169045575965
Synonymous	0.16973604844528006	0.100632540787644	0.032700792545689354	AFR	Homo_sapiens	MutSel	-0.06910350765763607	0.06793174824195464
$-1<S<0$	0.17731358657374788	0.10241280059022798	0.030920532743105376	AFR	Homo_sapiens	MutSel	-0.0749007859835199	0.07149226784712259
$-3<S<-1$	0.1890608413983121	0.10582957371734067	0.027503759615992652	AFR	Homo_sapiens	MutSel	-0.08323126768097144	0.07832581410134802
$S<-3$	0.21257950124437086	0.11127066180468476	0.022062671528648582	AFR	Homo_sapiens	MutSel	-0.1013088394396861	0.08920799027603618
$1<S$	0.16199860782367145	0.09775877955420358	0.035574553779129776	AFR	Homo_sapiens	Omega	-0.06423982826946788	0.0621842257750738
$0<S<1$	0.17193455769112628	0.10113249360413433	0.032200839729199	AFR	Homo_sapiens	Omega	-0.07080206408699195	0.06893165387493533
Synonymous	0.16999401049738505	0.10070391379919773	0.03262941953413561	AFR	Homo_sapiens	Omega	-0.06929009669818732	0.06807449426506212
$-1<S<0$	0.17496525688600492	0.10186386792178934	0.031469465411544016	AFR	Homo_sapiens	Omega	-0.07310138896421559	0.07039440251024531
$-3<S<-1$	0.18380183320575685	0.10434410923612968	0.02898922409720368	AFR	Homo_sapiens	Omega	-0.07945772396962718	0.07535488513892599
$S<-3$	0.2079838682274908	0.10971823003159974	0.02361510330173361	AFR	Homo_sapiens	Omega	-0.09826563819589106	0.08610312672986613
$1<S$	0.1374663917815394	0.08866977218387223	0.04466356114946105	AMR	Homo_sapiens	MutSel	-0.04879661959766718	0.04400621103441118
$0<S<1$	0.1525010564005124	0.09446706010077542	0.03886627323255792	AMR	Homo_sapiens	MutSel	-0.058033996299736976	0.055600786868217504
Synonymous	0.14961857239372006	0.09385132691860827	0.03948200641472505	AMR	Homo_sapiens	MutSel	-0.05576724547511179	0.05436932050388322
$-1<S<0$	0.1569816743775815	0.09594914721167024	0.03738418612166312	AMR	Homo_sapiens	MutSel	-0.061032527165911274	0.05856496109000712
$-3<S<-1$	0.1684741555924376	0.09970937971728563	0.03362395361604768	AMR	Homo_sapiens	MutSel	-0.06876477587515198	0.06608542610123795
$S<-3$	0.1980749725062406	0.1067064627291216	0.026626870604211744	AMR	Homo_sapiens	MutSel	-0.091368509777119	0.08007959212490985
$1<S$	0.14506038554495668	0.0919246304594938	0.041408702873839534	AMR	Homo_sapiens	Omega	-0.05313575508546288	0.05051592758565426
$0<S<1$	0.15498562601242302	0.09509964127067662	0.03823369206265671	AMR	Homo_sapiens	Omega	-0.059885984741746404	0.056865949208019906
Synonymous	0.14976752992605522	0.09382810736493873	0.03950522596839465	AMR	Homo_sapiens	Omega	-0.05593942256111649	0.05432288139654408
$-1<S<0$	0.1543799553203657	0.09560138282469577	0.03773195050863757	AMR	Homo_sapiens	Omega	-0.05877857249566992	0.0578694323160582
$-3<S<-1$	0.16371338139990466	0.09798431116883374	0.03534902216449956	AMR	Homo_sapiens	Omega	-0.06572907023107091	0.06263528900433418
$S<-3$	0.19298574049162476	0.10496394214580893	0.02836939118752445	AMR	Homo_sapiens	Omega	-0.08802179834581583	0.07659455095828448
$1<S$	0.13014786452130245	0.08652126835446401	0.04681206497886936	EAS	Homo_sapiens	MutSel	-0.043626596166838436	0.03970920337559465
$0<S<1$	0.14379636671049495	0.09192171517590206	0.04141161815743125	EAS	Homo_sapiens	MutSel	-0.05187465153459289	0.050510097018470805
Synonymous	0.1396063742156664	0.0909317382908166	0.042401595042516727	EAS	Homo_sapiens	MutSel	-0.0486746359248498	0.04853014324829988
$-1<S<0$	0.14752528705154722	0.09323604663601054	0.04009728669732277	EAS	Homo_sapiens	MutSel	-0.05428924041553668	0.05313875993868777
$-3<S<-1$	0.15816951293708492	0.09660858470370992	0.036724748629623404	EAS	Homo_sapiens	MutSel	-0.061560928233375	0.05988383607408652
$S<-3$	0.1922726315295341	0.10505167083690127	0.02828166249643205	EAS	Homo_sapiens	MutSel	-0.08722096069263284	0.07677000834046922
$1<S$	0.1365546180026416	0.09032251442099268	0.04301081891234062	EAS	Homo_sapiens	Omega	-0.04623210358164892	0.04731169550865206
$0<S<1$	0.14503527855361964	0.09280442691918232	0.040528906414151036	EAS	Homo_sapiens	Omega	-0.05223085163443732	0.05227552050503129
Synonymous	0.13917735255478195	0.0908238362393289	0.042509497094004436	EAS	Homo_sapiens	Omega	-0.04835351631545305	0.04831433914532446
$-1<S<0$	0.1458746643821008	0.09266959066730283	0.040663742666030483	EAS	Homo_sapiens	Omega	-0.053205073714797976	0.05200584800127235
$-3<S<-1$	0.15453405772881107	0.09515684278404464	0.038176490549288684	EAS	Homo_sapiens	Omega	-0.05937721494476643	0.056980352234755956
$S<-3$	0.18662186577421014	0.10304684294451473	0.0302864903888186	EAS	Homo_sapiens	Omega	-0.08357502282969541	0.07276035255569613
$1<S$	0.13007668342574205	0.08731217764091563	0.0460211556924177	EUR	Homo_sapiens	MutSel	-0.04276450578482642	0.04129102194849793
$0<S<1$	0.1448921635687566	0.09288926683353667	0.040444066499796635	EUR	Homo_sapiens	MutSel	-0.05200289673521992	0.05244520033374003
Synonymous	0.14180079026413642	0.09229388700996433	0.04103944632336901	EUR	Homo_sapiens	MutSel	-0.04950690325417209	0.051254440686595314
$-1<S<0$	0.14944302249618294	0.09468211571761967	0.03865121761571369	EUR	Homo_sapiens	MutSel	-0.05476090677856327	0.05603089810190598
$-3<S<-1$	0.1614037789046706	0.09808094394597433	0.035252389387359015	EUR	Homo_sapiens	MutSel	-0.06332283495869626	0.06282855455861532
$S<-3$	0.1929975268672314	0.10572404532572956	0.027609288007603764	EUR	Homo_sapiens	MutSel	-0.08727348154150184	0.0781147573181258
$1<S$	0.13908842779104585	0.09065033782460392	0.0426829955087294	EUR	Homo_sapiens	Omega	-0.04843808996644193	0.047967342315874524
$0<S<1$	0.14353616996048718	0.09238669350818676	0.0409466398251466	EUR	Homo_sapiens	Omega	-0.05114947645230042	0.051440053683040166
Synonymous	0.14206050687092406	0.09241363348513144	0.04091969984820188	EUR	Homo_sapiens	Omega	-0.049646873385792614	0.05149393363692956
$-1<S<0$	0.14587703556819212	0.0940074066275752	0.039325926705758116	EUR	Homo_sapiens	Omega	-0.05186962894061692	0.054681479921817086
$-3<S<-1$	0.15657830492765526	0.09640105603221062	0.0369322773011227	EUR	Homo_sapiens	Omega	-0.06017724889544464	0.05946877873108792
$S<-3$	0.1883526948502872	0.10420713587922716	0.0291261974541062	EUR	Homo_sapiens	Omega	-0.08414555897106003	0.07508093842512095
$1<S$	0.13531423420642652	0.08832549203753035	0.04500784129580298	SAS	Homo_sapiens	MutSel	-0.046988742168896175	0.043317650741727366
$0<S<1$	0.14779618782596765	0.09384510807396332	0.039488225259370006	SAS	Homo_sapiens	MutSel	-0.05395107975200433	0.05435688281459331
Synonymous	0.14492739443349512	0.09320046745180054	0.040132865881532816	SAS	Homo_sapiens	MutSel	-0.05172692698169458	0.05306760157026772
$-1<S<0$	0.15281761465895513	0.0955688106940061	0.03776452263932721	SAS	Homo_sapiens	MutSel	-0.057248803964949024	0.057804288054678896
$-3<S<-1$	0.1656255310559656	0.09909908812845863	0.03423424520487468	SAS	Homo_sapiens	MutSel	-0.06652644292750698	0.06486484292358395
$S<-3$	0.19869446616263292	0.10663291349137248	0.026700419841960855	SAS	Homo_sapiens	MutSel	-0.09206155267126044	0.07993249364941163
$1<S$	0.14045089106804953	0.09031343725678087	0.04301989607655248	SAS	Homo_sapiens	Omega	-0.05013745381126866	0.04729354118022839
$0<S<1$	0.14796497352980173	0.09412401947095547	0.03920931386237785	SAS	Homo_sapiens	Omega	-0.05384095405884626	0.05491470560857762
Synonymous	0.14509734572789276	0.09319112167445023	0.040142211658883084	SAS	Homo_sapiens	Omega	-0.05190622405344253	0.05304891001556715
$-1<S<0$	0.15172232447226958	0.09555702504268024	0.037776308290653066	SAS	Homo_sapiens	Omega	-0.05616529942958934	0.05778071675202717
$-3<S<-1$	0.16092317517737104	0.0973103678240264	0.036022965509306934	SAS	Homo_sapiens	Omega	-0.06361280735334464	0.061287402314719464
$S<-3$	0.1927554858344405	0.10490521934257548	0.028428113990757845	SAS	Homo_sapiens	Omega	-0.08785026649186502	0.07647710535181763
$1<S$	0.12474568168551944	0.08514472065104374	0.04818861268228957	IRBT	Bos_taurus	MutSel	-0.039600961034475704	0.03695610796875417
$0<S<1$	0.13070279403078866	0.08837470488138442	0.04495862845194888	IRBT	Bos_taurus	MutSel	-0.04232808914940424	0.04341607642943554
Synonymous	0.12940006730726786	0.08798603036050177	0.045347302972831564	IRBT	Bos_taurus	MutSel	-0.041414036946766083	0.04263872738767021
$-1<S<0$	0.1378747641157029	0.09128843370209108	0.04204489963124226	IRBT	Bos_taurus	MutSel	-0.04658633041361182	0.049243534070848825
$-3<S<-1$	0.14602178535289542	0.09466768245885336	0.03866565087447997	IRBT	Bos_taurus	MutSel	-0.05135410289404206	0.05600203158437339
$S<-3$	0.17077928330938152	0.1015847818001958	0.03174855153313754	IRBT	Bos_taurus	MutSel	-0.06919450150918573	0.06983623026705826
$1<S$	0.11636288067453622	0.08488280922346021	0.04845052410987313	IRBT	Bos_taurus	Omega	-0.03148007145107601	0.03643228511358708
$0<S<1$	0.13315741996582992	0.08928486115763316	0.04404847217570017	IRBT	Bos_taurus	Omega	-0.04387255880819675	0.045236388981932996
Synonymous	0.12935820326525324	0.0879888472349701	0.04534448609836321	IRBT	Bos_taurus	Omega	-0.04136935603028315	0.042644361136606884
$-1<S<0$	0.1331356543519455	0.08963461023237661	0.04369872310095675	IRBT	Bos_taurus	Omega	-0.043501044119568885	0.045935887131419856
$-3<S<-1$	0.14221090245807072	0.0926621924182765	0.04067114091505684	IRBT	Bos_taurus	Omega	-0.04954871003979422	0.051991051503219664
$S<-3$	0.16356097238370151	0.09893492728119566	0.03439840605213764	IRBT	Bos_taurus	Omega	-0.06462604510250586	0.06453652122905801
Synonymous	0.12938639381141187	0.08798212006123257	0.04535121327210075	IRBT	Bos_taurus	SIFT	-0.0414042737501793	0.04263090678913182
$0.8<SIFT$	0.1701151711084595	0.10771806296463056	0.02561527036870277	IRBT	Bos_taurus	SIFT	-0.06239710814382894	0.08210279259592779
$0.3<SIFT<0.8$	0.17684142350711554	0.10945307829048584	0.023880255042847482	IRBT	Bos_taurus	SIFT	-0.0673883452166297	0.08557282324763836
$0.1<SIFT<0.3$	0.18419013883327773	0.1105435725910545	0.022789760742278824	IRBT	Bos_taurus	SIFT	-0.07364656624222322	0.08775381184877568
$SIFT<0.1$	0.1910896847854532	0.1120145754436834	0.02131875788964996	IRBT	Bos_taurus	SIFT	-0.07907510934176981	0.09069581755403344
$1<S$	0.1107446843627508	0.08518636039594857	0.04814697293738477	UGBT	Bos_taurus	MutSel	-0.02555832396680223	0.0370393874585638
$0<S<1$	0.1247421108317446	0.0913476665029226	0.04198566683041072	UGBT	Bos_taurus	MutSel	-0.03339444432882199	0.04936199967251188
Synonymous	0.12286030938159498	0.09090275353604667	0.04243057979728662	UGBT	Bos_taurus	MutSel	-0.03195755584554831	0.04847217373876005
$-1<S<0$	0.1326792800836869	0.09416647772096756	0.0391668556123658	UGBT	Bos_taurus	MutSel	-0.03851280236271934	0.054999622108601764
$-3<S<-1$	0.14317053623581147	0.09787054663400814	0.035462786699325184	UGBT	Bos_taurus	MutSel	-0.04529998960180333	0.062407759934682956
$S<-3$	0.17115397985001748	0.10467415340784282	0.028659179925490517	UGBT	Bos_taurus	MutSel	-0.06647982644217466	0.07601497348235231
$1<S$	0.10853998135649776	0.08651344635457958	0.04681988697875381	UGBT	Bos_taurus	Omega	-0.022026535001918174	0.03969355937582577
$0<S<1$	0.1237875951737262	0.09119001125306582	0.04214332208026753	UGBT	Bos_taurus	Omega	-0.03259758392066038	0.04904668917279829
Synonymous	0.12299510063280206	0.09097380946438097	0.0423595238689524	UGBT	Bos_taurus	Omega	-0.03202129116842109	0.04861428559542857
$-1<S<0$	0.12872564244785928	0.0930231373997146	0.04031019593361872	UGBT	Bos_taurus	Omega	-0.03570250504814468	0.05271294146609588
$-3<S<-1$	0.13481119472549766	0.09436935894319314	0.0389639743901402	UGBT	Bos_taurus	Omega	-0.04044183578230452	0.05540538455305293
$S<-3$	0.15768797036143514	0.1004500766697355	0.03288325666359783	UGBT	Bos_taurus	Omega	-0.05723789369169964	0.06756682000613767
Synonymous	0.12276914572256258	0.09087634078933908	0.042456992543994265	UGBT	Bos_taurus	SIFT	-0.031892804933223495	0.048419348245344815
$0.8<SIFT$	0.14291903506572545	0.10057000709476012	0.032763326238573184	UGBT	Bos_taurus	SIFT	-0.04234902797096533	0.06780668085618693
$0.3<SIFT<0.8$	0.1575784126113461	0.1047549891116734	0.02857834422165991	UGBT	Bos_taurus	SIFT	-0.052823423499672714	0.0761766448900135
$0.1<SIFT<0.3$	0.16643929258517845	0.10685512419563636	0.02647820913769697	UGBT	Bos_taurus	SIFT	-0.059584168389542086	0.0803769150579394
$SIFT<0.1$	0.17936022945144514	0.10942563479138548	0.023907698541947846	UGBT	Bos_taurus	SIFT	-0.06993459466005966	0.08551793624943763
$1<S$	0.1208114170652252	0.10934721205146984	0.072470969766712	Equus	Equus_caballus	MutSel	-0.011464205013755363	0.036876242284757846
$0<S<1$	0.14168230743799173	0.12163482312273388	0.060183358695447976	Equus	Equus_caballus	MutSel	-0.020047484315257852	0.061451464427285905
Synonymous	0.1413877092517168	0.1215824493798514	0.06023573243833043	Equus	Equus_caballus	MutSel	-0.01980525987186539	0.06134671694152097
$-1<S<0$	0.15006144126859014	0.12590205600689874	0.055916125811283066	Equus	Equus_caballus	MutSel	-0.024159385261691396	0.06998593019561568
$-3<S<-1$	0.16297749227805858	0.13078385329307834	0.05103432852510344	Equus	Equus_caballus	MutSel	-0.03219363898498023	0.07974952476797491
$S<-3$	0.17940953923291642	0.13664650332912662	0.04517167848905522	Equus	Equus_caballus	MutSel	-0.0427630359037898	0.0914748248400714
$1<S$	0.12098619058427207	0.11458333333333333	0.06723484848484848	Equus	Equus_caballus	Omega	-0.00640285725093874	0.04734848484848485
$0<S<1$	0.1425283878767548	0.1214698000412286	0.06034838177695321	Equus	Equus_caballus	Omega	-0.02105858783552618	0.0611214182642754
Synonymous	0.1413877092517168	0.1215824493798514	0.06023573243833043	Equus	Equus_caballus	Omega	-0.01980525987186539	0.06134671694152097
$-1<S<0$	0.14440776980674214	0.12311909054118685	0.058699091276994964	Equus	Equus_caballus	Omega	-0.02128867926555529	0.06441999926419188
$-3<S<-1$	0.15402136453445794	0.12601901662070733	0.055799165197474486	Equus	Equus_caballus	Omega	-0.028002347913750614	0.07021985142323284
$S<-3$	0.16502865129262692	0.13025415444770286	0.051564027370478986	Equus	Equus_caballus	Omega	-0.03477449684492406	0.07869012707722386
$1<S$	0.12356116136792425	0.0863161795753582	0.04701715375797512	IROA	Ovis_aries	MutSel	-0.03724498179256605	0.03929902581738308
$0<S<1$	0.12590756490908547	0.08812172178654637	0.04521161154678696	IROA	Ovis_aries	MutSel	-0.0377858431225391	0.04291011023975941
Synonymous	0.12028647005505864	0.0862886207515681	0.04704471258176523	IROA	Ovis_aries	MutSel	-0.03399784930349055	0.03924390816980287
$-1<S<0$	0.1301505236987245	0.08943975848234836	0.04389357485098495	IROA	Ovis_aries	MutSel	-0.04071076521637615	0.04554618363136342
$-3<S<-1$	0.1419897731793717	0.09388370969338987	0.03944962363994345	IROA	Ovis_aries	MutSel	-0.04810606348598183	0.05443408605344642
$S<-3$	0.17224885580961996	0.1019540163700896	0.03137931696324377	IROA	Ovis_aries	MutSel	-0.07029483943953035	0.07057469940684584
$1<S$	0.11016070250058548	0.08207391900120929	0.051259414332124005	IROA	Ovis_aries	Omega	-0.028086783499376183	0.030814504669085287
$0<S<1$	0.12709293483509482	0.0894885579018024	0.04384477543153093	IROA	Ovis_aries	Omega	-0.03760437693329241	0.045643782470271475
Synonymous	0.1203381386694402	0.08631094055821223	0.04702239277512111	IROA	Ovis_aries	Omega	-0.034027198111227966	0.03928854778309112
$-1<S<0$	0.12616737470973607	0.0880024113672892	0.045330921966044144	IROA	Ovis_aries	Omega	-0.03816496334244687	0.04267148940124506
$-3<S<-1$	0.13790505057855373	0.09219735767735454	0.0411359756559788	IROA	Ovis_aries	Omega	-0.04570769290119919	0.051061382021375744
$S<-3$	0.1672149910238452	0.10017244354310537	0.033160889790227986	IROA	Ovis_aries	Omega	-0.06704254748073984	0.06701155375287737
Synonymous	0.1200406360392694	0.08620174466550228	0.047131588667831084	IROA	Ovis_aries	SIFT	-0.033838891373767124	0.03907015599767119
$0.8<SIFT$	0.1549169875513593	0.10097530631535932	0.03235802701797399	IROA	Ovis_aries	SIFT	-0.053941681235999975	0.06861727929738534
$0.3<SIFT<0.8$	0.16025643127887013	0.10254021441040193	0.030793118922931424	IROA	Ovis_aries	SIFT	-0.0577162168684682	0.0717470954874705
$0.1<SIFT<0.3$	0.16744332229201256	0.10446466159177986	0.02886867174155348	IROA	Ovis_aries	SIFT	-0.0629786607002327	0.07559598985022638
$SIFT<0.1$	0.18047038719519226	0.10713053794004744	0.026202795393285887	IROA	Ovis_aries	SIFT	-0.07333984925514482	0.08092774254676155
$1<S$	0.13351341823217494	0.09009058925706848	0.04324274407626488	IROO	Ovis_aries	MutSel	-0.043422828975106464	0.04684784518080359
$0<S<1$	0.13782950168678856	0.0920706657301217	0.041262667603211636	IROO	Ovis_aries	MutSel	-0.04575883595666687	0.05080799812691006
Synonymous	0.13195601519588002	0.090480718232907	0.04285261510042632	IROO	Ovis_aries	MutSel	-0.041475296962973016	0.047628103132480684
$-1<S<0$	0.13983118070639455	0.09297794820065268	0.040355385132680686	IROO	Ovis_aries	MutSel	-0.046853232505741874	0.05262256306797199
$-3<S<-1$	0.15139013011488048	0.09681041805450616	0.03652291527882719	IROO	Ovis_aries	MutSel	-0.05457971206037432	0.06028750277567897
$S<-3$	0.1754618292790764	0.10368601386910256	0.02964731946423077	IROO	Ovis_aries	MutSel	-0.07177581540997383	0.07403869440487179
$1<S$	0.12675930632507448	0.08596798265106848	0.047365350682264856	IROO	Ovis_aries	Omega	-0.04079132367400601	0.03860263196880362
$0<S<1$	0.1356428344160501	0.09195274114480254	0.04138059218853079	IROO	Ovis_aries	Omega	-0.043690093271247565	0.05057214895627175
Synonymous	0.1318614846879677	0.09046435407887636	0.04286897925445698	IROO	Ovis_aries	Omega	-0.04139713060909135	0.04759537482441938
$-1<S<0$	0.13594481281038456	0.09164960069610358	0.04168373263722977	IROO	Ovis_aries	Omega	-0.04429521211428099	0.049965868058873805
$-3<S<-1$	0.14865342464060105	0.09572052588981374	0.0376128074435196	IROO	Ovis_aries	Omega	-0.05293289875078731	0.058107718446294136
$S<-3$	0.17091802333658895	0.10196934050520202	0.03136399282813132	IROO	Ovis_aries	Omega	-0.06894868283138693	0.0706053476770707
Synonymous	0.11396050245473577	0.08518803854326679	0.048145294790066566	IROO	Ovis_aries	SIFT	-0.028772463911468982	0.03704274375320022
$0.8<SIFT$	0.14384240063677675	0.09781769231679208	0.03551564101654129	IROO	Ovis_aries	SIFT	-0.046024708319984675	0.06230205130025079
$0.3<SIFT<0.8$	0.14558196664268655	0.09969407393933234	0.03363925939400098	IROO	Ovis_aries	SIFT	-0.04588789270335421	0.06605481454533135
$0.1<SIFT<0.3$	0.15207561768140807	0.10125606087846048	0.032077272454872865	IROO	Ovis_aries	SIFT	-0.050819556802947585	0.06917878842358761
$SIFT<0.1$	0.15837130566534938	0.10298622723403067	0.030347106099302638	IROO	Ovis_aries	SIFT	-0.05538507843131871	0.07263912113472804
$1<S$	0.11956215771175885	0.08482994706407344	0.04850338626925989	ISGC	Ovis_aries	MutSel	-0.034732210647685405	0.036326560794813556
$0<S<1$	0.12364345684004165	0.08756847578908375	0.0457648575442496	ISGC	Ovis_aries	MutSel	-0.0360749810509579	0.04180361824483415
Synonymous	0.11911847323705152	0.08615062237462298	0.047182710958710385	ISGC	Ovis_aries	MutSel	-0.03296785086242854	0.0389679114159126
$-1<S<0$	0.1255110207122882	0.08851661627102986	0.04481671706230348	ISGC	Ovis_aries	MutSel	-0.036994404441258344	0.04369989920872638
$-3<S<-1$	0.13622767584442727	0.09265445852905667	0.04067887480427669	ISGC	Ovis_aries	MutSel	-0.0435732173153706	0.05197558372477998
$S<-3$	0.15936438201312034	0.098987324557395	0.03434600877593831	ISGC	Ovis_aries	MutSel	-0.06037705745572533	0.0646413157814567
$1<S$	0.1065993566041052	0.08103157474682345	0.05230175858650988	ISGC	Ovis_aries	Omega	-0.025567781857281757	0.028729816160313566
$0<S<1$	0.1219721674276381	0.08770496166158477	0.04562837167174857	ISGC	Ovis_aries	Omega	-0.03426720576605333	0.042076589989836204
Synonymous	0.1188958640547486	0.0860851099495548	0.04724822338377852	ISGC	Ovis_aries	Omega	-0.032810754105193796	0.03883688656577628
$-1<S<0$	0.12302315068620168	0.08764057076923247	0.045692762564100896	ISGC	Ovis_aries	Omega	-0.035382579916969206	0.041947808205131575
$-3<S<-1$	0.1337556870830715	0.09115229723158104	0.04218103610175228	ISGC	Ovis_aries	Omega	-0.04260338985149047	0.04897126112982876
$S<-3$	0.1536965161353155	0.09682393033954466	0.03650940299378869	ISGC	Ovis_aries	Omega	-0.05687258579577083	0.06031452734575597
Synonymous	0.11883424374050185	0.0861065166445633	0.04722681668877003	ISGC	Ovis_aries	SIFT	-0.03272772709593855	0.03887969995579327
$0.8<SIFT$	0.15503325203311347	0.10243475746141778	0.030898575871915576	ISGC	Ovis_aries	SIFT	-0.052598494571695686	0.0715361815895022
$0.3<SIFT<0.8$	0.16137023877102272	0.10465464691899433	0.02867868641433898	ISGC	Ovis_aries	SIFT	-0.05671559185202839	0.07597596050465535
$0.1<SIFT<0.3$	0.16566047069813078	0.1058085363260641	0.027524797007269224	ISGC	Ovis_aries	SIFT	-0.05985193437206668	0.07828373931879487
$SIFT<0.1$	0.17600480416620676	0.10801365643088452	0.0253196769024488	ISGC	Ovis_aries	SIFT	-0.06799114773532224	0.08269397952843573
$1<S$	0.18585318673012333	0.1672517881750771	0.1184624975392086	IROV	Ovis_aries	MutSel	-0.018601398555046222	0.04878929063586851
$0<S<1$	0.1939199192272132	0.17308069418570446	0.11263359152858125	IROV	Ovis_aries	MutSel	-0.02083922504150873	0.060447102657123206
Synonymous	0.19401587998558575	0.17257108225885578	0.1131432034554299	IROV	Ovis_aries	MutSel	-0.02144479772672997	0.059427878803425885
$-1<S<0$	0.1978146131807879	0.17462882257349682	0.1110854631407889	IROV	Ovis_aries	MutSel	-0.02318579060729109	0.06354335943270792
$-3<S<-1$	0.20334887382646927	0.17831385427734311	0.1074004314369426	IROV	Ovis_aries	MutSel	-0.025035019549126153	0.07091342284040052
$S<-3$	0.21360729402687445	0.18380177514792898	0.10191251056635672	IROV	Ovis_aries	MutSel	-0.029805518878945475	0.08188926458157225
$1<S$	0.16640159798547802	0.15795287187039767	0.12776141384388806	IROV	Ovis_aries	Omega	-0.008448726115080352	0.030191458026509604
$0<S<1$	0.1920161272534563	0.17123442297272892	0.1144798627415568	IROV	Ovis_aries	Omega	-0.02078170428072737	0.05675456023117212
Synonymous	0.19401587998558575	0.17257108225885578	0.1131432034554299	IROV	Ovis_aries	Omega	-0.02144479772672997	0.059427878803425885
$-1<S<0$	0.19433706019282784	0.1726152731225655	0.11309901259172027	IROV	Ovis_aries	Omega	-0.021721787070262344	0.05951626053084523
$-3<S<-1$	0.19940367009519594	0.17600278176597267	0.109711503948313	IROV	Ovis_aries	Omega	-0.02340088832922327	0.06629127781765967
$S<-3$	0.21381870345813425	0.18395168973827272	0.101762595976013	IROV	Ovis_aries	Omega	-0.02986701371986153	0.08218909376225972
Synonymous	0.18766891937910385	0.16918213135597826	0.11653215435830748	IROV	Ovis_aries	SIFT	-0.01848678802312559	0.05264997699767078
$0.8<SIFT$	0.2103325528427417	0.18484511828519146	0.10086916742909426	IROV	Ovis_aries	SIFT	-0.02548743455755023	0.0839759508560972
$0.3<SIFT<0.8$	0.2172094203622492	0.18778657774072532	0.09792770797356043	IROV	Ovis_aries	SIFT	-0.029422842621523865	0.0898588697671649
$0.1<SIFT<0.3$	0.2262082289937444	0.19332802758986606	0.0923862581244197	IROV	Ovis_aries	SIFT	-0.032880201403878345	0.10094176946544636
$SIFT<0.1$	0.2315070695483658	0.19586525461919785	0.08984903109508788	IROV	Ovis_aries	SIFT	-0.03564181492916796	0.10601622352410997
$1<S$	0.12828075266457856	0.08755341556691824	0.045779917766415074	MOOA	Ovis_aries	MutSel	-0.04072733709766031	0.04177349780050317
$0<S<1$	0.13206051625280446	0.09022240985525992	0.0431109234780734	MOOA	Ovis_aries	MutSel	-0.04183810639754454	0.04711148637718652
Synonymous	0.12324151629247745	0.08728454012391654	0.0460487932094168	MOOA	Ovis_aries	MutSel	-0.03595697616856092	0.04123574691449974
$-1<S<0$	0.13315966701157378	0.09037233167053008	0.04296100166280322	MOOA	Ovis_aries	MutSel	-0.0427873353410437	0.047411330007726855
$-3<S<-1$	0.14686661505737542	0.09521173823504354	0.038121595098289794	MOOA	Ovis_aries	MutSel	-0.05165487682233187	0.05709014313675375
$S<-3$	0.18351843679034388	0.10437457089568776	0.028958762437645568	MOOA	Ovis_aries	MutSel	-0.07914386589465612	0.07541580845804219
$1<S$	0.11540516490486255	0.08291766680387283	0.050415666529460515	MOOA	Ovis_aries	Omega	-0.03248749810098972	0.032502000274412315
$0<S<1$	0.12854043249166489	0.08935004949524979	0.043983283838083566	MOOA	Ovis_aries	Omega	-0.0391903829964151	0.04536676565716622
Synonymous	0.12325202214771895	0.08727065656365918	0.04606267676967416	MOOA	Ovis_aries	Omega	-0.035981365584059774	0.041207979793985015
$-1<S<0$	0.1299471686435408	0.08947817422932397	0.04385515910400936	MOOA	Ovis_aries	Omega	-0.040468994414216836	0.04562301512531461
$-3<S<-1$	0.14344615941346428	0.093746089751958	0.03958724358137535	MOOA	Ovis_aries	Omega	-0.04970006966150628	0.05415884617058265
$S<-3$	0.17751665956375134	0.1025013698894952	0.03083196344383813	MOOA	Ovis_aries	Omega	-0.07501528967425615	0.07166940644565706
Synonymous	0.1225814586240483	0.08711183159794696	0.04622150173538639	MOOA	Ovis_aries	SIFT	-0.03546962702610135	0.04089032986256057
$0.8<SIFT$	0.15998160475374468	0.1023477092436217	0.030985624089711613	MOOA	Ovis_aries	SIFT	-0.057633895510122976	0.07136208515391008
$0.3<SIFT<0.8$	0.16797989139537306	0.10437356934386496	0.028959763989468413	MOOA	Ovis_aries	SIFT	-0.0636063220515081	0.07541380535439655
$0.1<SIFT<0.3$	0.17292659886111153	0.10564127637490724	0.027692056958426102	MOOA	Ovis_aries	SIFT	-0.0672853224862043	0.07794921941648114
$SIFT<0.1$	0.1899641495177825	0.1090605076157541	0.024272825717579213	MOOA	Ovis_aries	SIFT	-0.08090364190202841	0.08478768189817489
$1<S$	0.12985585261425686	0.08932771881338028	0.044005614519953065	IRCA	Capra_hircus	MutSel	-0.04052813380087658	0.045322104293427215
$0<S<1$	0.13110390151756546	0.08965166144233963	0.0436816718909937	IRCA	Capra_hircus	MutSel	-0.04145224007522583	0.04596998955134593
Synonymous	0.12752218800269793	0.08927030117583377	0.044063032157499536	IRCA	Capra_hircus	MutSel	-0.03825188682686416	0.04520726901833424
$-1<S<0$	0.13368812962031476	0.09207580615639796	0.0412575271769354	IRCA	Capra_hircus	MutSel	-0.0416123234639168	0.05081827897946256
$-3<S<-1$	0.13882323668560576	0.09299546269887277	0.040337870634460565	IRCA	Capra_hircus	MutSel	-0.04582777398673299	0.0526575920644122
$S<-3$	0.14522565063263465	0.09480275767092612	0.03853057566240722	IRCA	Capra_hircus	MutSel	-0.05042289296170853	0.056272182008518905
$1<S$	0.1212945189180801	0.08342234170333976	0.049910991629993566	IRCA	Capra_hircus	Omega	-0.037872177214740343	0.03351135007334619
$0<S<1$	0.13384315739289718	0.0902967940355229	0.043036539297810435	IRCA	Capra_hircus	Omega	-0.043546363357374274	0.04726025473771247
Synonymous	0.12744216928473498	0.08925987575779973	0.04407345757553361	IRCA	Capra_hircus	Omega	-0.03818229352693525	0.04518641818226612
$-1<S<0$	0.13197211071470755	0.090716982059679	0.04261635127365434	IRCA	Capra_hircus	Omega	-0.04125512865502855	0.04810063078602466
$-3<S<-1$	0.13679668818614385	0.09256953863096792	0.04076379470236545	IRCA	Capra_hircus	Omega	-0.044227149555175926	0.051805743928602474
$S<-3$	0.1425288916869923	0.0938609038288817	0.039472429504451664	IRCA	Capra_hircus	Omega	-0.04866798785811059	0.05438847432443003
Synonymous	0.1275830091357279	0.08930892818544346	0.04402440514788988	IRCA	Capra_hircus	SIFT	-0.038274080950284436	0.04528452303755358
$0.8<SIFT$	0.15751714947719078	0.10163400555521447	0.03169932777811886	IRCA	Capra_hircus	SIFT	-0.05588314392197631	0.06993467777709561
$0.3<SIFT<0.8$	0.1590688912875053	0.10283822960169714	0.030495103731636188	IRCA	Capra_hircus	SIFT	-0.05623066168580815	0.07234312587006095
$0.1<SIFT<0.3$	0.1619044181193176	0.1032113973973882	0.030121935935945164	IRCA	Capra_hircus	SIFT	-0.058693020721929404	0.07308946146144304
$SIFT<0.1$	0.16369681183683046	0.10387132899165544	0.0294620043416779	IRCA	Capra_hircus	SIFT	-0.059825482845175026	0.07440932464997754
$1<S$	0.15446728326865744	0.09543739832416792	0.03789593500916543	IRCH	Capra_hircus	MutSel	-0.05902988494448952	0.05754146331500249
$0<S<1$	0.16039084230738812	0.0972109232702517	0.03612241006308162	IRCH	Capra_hircus	MutSel	-0.06317991903713642	0.061088513207170084
Synonymous	0.153994179226779	0.09577847721669673	0.0375548561166366	IRCH	Capra_hircus	MutSel	-0.05821570201008226	0.05822362110006013
$-1<S<0$	0.16359189616411374	0.0985514467936128	0.034781886539720565	IRCH	Capra_hircus	MutSel	-0.06504044937050094	0.06376956025389224
$-3<S<-1$	0.17481175656309175	0.10138666647860888	0.03194666685472446	IRCH	Capra_hircus	MutSel	-0.07342509008448288	0.06943999962388442
$S<-3$	0.2007460421898963	0.10739351220292034	0.02593982113041297	IRCH	Capra_hircus	MutSel	-0.09335252998697596	0.08145369107250737
$1<S$	0.1367316038557944	0.0888419773162708	0.044491356017062514	IRCH	Capra_hircus	Omega	-0.04788962653952358	0.04435062129920829
$0<S<1$	0.1543558291345506	0.09586378212815576	0.03746955120517756	IRCH	Capra_hircus	Omega	-0.058492047006394834	0.0583942309229782
Synonymous	0.1541291855480402	0.09581156148894801	0.037521771844385335	IRCH	Capra_hircus	Omega	-0.05831762405909219	0.058289789644562676
$-1<S<0$	0.16076190383518588	0.0978715550281216	0.03546177830521173	IRCH	Capra_hircus	Omega	-0.06289034880706428	0.06240977672290987
$-3<S<-1$	0.1721698195970804	0.10043914411333432	0.032894189219999	IRCH	Capra_hircus	Omega	-0.07173067548374606	0.06754495489333531
$S<-3$	0.19741408241067704	0.10623212081006668	0.027101212523266683	IRCH	Capra_hircus	Omega	-0.09118196160061036	0.0791309082868
Synonymous	0.1541226545042688	0.09578251318732464	0.037550820146008704	IRCH	Capra_hircus	SIFT	-0.05834014131694415	0.05823169304131594
$0.8<SIFT$	0.186707777222414	0.10863381687835227	0.024699516454981082	IRCH	Capra_hircus	SIFT	-0.07807396034406172	0.08393430042337119
$0.3<SIFT<0.8$	0.1936665503646581	0.10969425265632897	0.023639080677004338	IRCH	Capra_hircus	SIFT	-0.08397229770832913	0.08605517197932464
$0.1<SIFT<0.3$	0.19859286356816294	0.11065233394114783	0.02268099939218552	IRCH	Capra_hircus	SIFT	-0.08794052962701511	0.0879713345489623
$SIFT<0.1$	0.2104259745843709	0.11297032135347275	0.02036301197986057	IRCH	Capra_hircus	SIFT	-0.09745565323089815	0.09260730937361218
$1<S$	0.18857327016064054	0.1444903581267218	0.07773186409550045	AUCH	Capra_hircus	MutSel	-0.04408291203391873	0.06675849403122136
$0<S<1$	0.18950072953032027	0.14649052145427208	0.07573170076795017	AUCH	Capra_hircus	MutSel	-0.04301020807604819	0.0707588206863219
Synonymous	0.1890156631892916	0.1447244417127638	0.07749778050945845	AUCH	Capra_hircus	MutSel	-0.04429122147652781	0.06722666120330535
$-1<S<0$	0.19671928830017904	0.14970346804917326	0.07251875417304897	AUCH	Capra_hircus	MutSel	-0.047015820251005785	0.07718471387612429
$-3<S<-1$	0.19927554191974536	0.1494390738751641	0.07278314834705812	AUCH	Capra_hircus	MutSel	-0.04983646804458125	0.07665592552810599
$S<-3$	0.21373339058860005	0.15865927223195178	0.06356294999027047	AUCH	Capra_hircus	MutSel	-0.05507411835664827	0.09509632224168131
$1<S$	0.17592052245478368	0.14011874469889732	0.08210347752332485	AUCH	Capra_hircus	Omega	-0.03580177775588636	0.05801526717557247
$0<S<1$	0.18919062230056066	0.14624168404329266	0.0759805381789296	AUCH	Capra_hircus	Omega	-0.042948938257268005	0.07026114586436306
Synonymous	0.1890156631892916	0.1447244417127638	0.07749778050945845	AUCH	Capra_hircus	Omega	-0.04429122147652781	0.06722666120330535
$-1<S<0$	0.1945797911328259	0.1478155972874283	0.07440662493479397	AUCH	Capra_hircus	Omega	-0.046764193845397595	0.07340897235263433
$-3<S<-1$	0.1976340000343143	0.14980678216317134	0.07241544005905085	AUCH	Capra_hircus	Omega	-0.04782721787114297	0.07739134210412049
$S<-3$	0.21042014381641672	0.15601170496600394	0.06621051725621828	AUCH	Capra_hircus	Omega	-0.05440843885041277	0.08980118770978567
Synonymous	0.18903871635781289	0.14473648256310415	0.07748573965911808	AUCH	Capra_hircus	SIFT	-0.04430223379470874	0.06725074290398607
$0.8<SIFT$	0.23132579907723685	0.17114807114807112	0.051074151074151065	AUCH	Capra_hircus	SIFT	-0.06017772792916573	0.12007392007392007
$0.3<SIFT<0.8$	0.2401384575756683	0.17376433372874653	0.04845788849347568	AUCH	Capra_hircus	SIFT	-0.06637412384692176	0.12530644523527085
$0.1<SIFT<0.3$	0.2387826407326599	0.17405087014725568	0.04817135207496652	AUCH	Capra_hircus	SIFT	-0.06473177058540422	0.12587951807228914
$SIFT<0.1$	0.2461529961578472	0.1754937619773945	0.04672846024482772	AUCH	Capra_hircus	SIFT	-0.0706592341804527	0.12876530173256678
$1<S$	0.2087714436199285	0.17908086658086655	0.10663341913341914	FRCH	Capra_hircus	MutSel	-0.029690577039061944	0.07244744744744741
$0<S<1$	0.20182595182595187	0.1773091773091773	0.1084051084051084	FRCH	Capra_hircus	MutSel	-0.02451677451677456	0.0689040689040689
Synonymous	0.20085650457602927	0.1769319574868188	0.10878232822746693	FRCH	Capra_hircus	MutSel	-0.023924547089210463	0.06814962925935188
$-1<S<0$	0.2053049811260188	0.1789885507162994	0.10672573499798632	FRCH	Capra_hircus	MutSel	-0.0263164304097194	0.07226281571831308
$-3<S<-1$	0.21295004352855595	0.1839791701804689	0.10173511553381684	FRCH	Capra_hircus	MutSel	-0.028970873348087067	0.08224405464665205
$S<-3$	0.22677892965568064	0.1921443344659477	0.09356995124833802	FRCH	Capra_hircus	MutSel	-0.03463459518973294	0.09857438321760968
$1<S$	0.17700777584013616	0.1598951507208388	0.12581913499344693	FRCH	Capra_hircus	Omega	-0.01711262511929737	0.034076015727391856
$0<S<1$	0.20118013541241034	0.17686261107313742	0.10885167464114832	FRCH	Capra_hircus	Omega	-0.024317524339272922	0.06801093643198909
Synonymous	0.20085650457602927	0.1769319574868188	0.10878232822746693	FRCH	Capra_hircus	Omega	-0.023924547089210463	0.06814962925935188
$-1<S<0$	0.2070696591549068	0.1803064884251712	0.10540779728911454	FRCH	Capra_hircus	Omega	-0.026763170729735608	0.07489869113605666
$-3<S<-1$	0.21126537067819587	0.1823926781433864	0.10332160757089937	FRCH	Capra_hircus	Omega	-0.02887269253480948	0.07907107057248702
$S<-3$	0.22306869837260374	0.18959827378308056	0.0961160119312052	FRCH	Capra_hircus	Omega	-0.03347042458952318	0.09348226185187536
Synonymous	0.200846123300112	0.17692417577839015	0.10879010993589552	FRCH	Capra_hircus	SIFT	-0.02392194752172186	0.06813406584249462
$0.8<SIFT$	0.23258166227653496	0.19471906409622672	0.09099522161805898	FRCH	Capra_hircus	SIFT	-0.03786259818030824	0.10372384247816774
$0.3<SIFT<0.8$	0.23720907980805905	0.19952669990606253	0.08618758580822314	FRCH	Capra_hircus	SIFT	-0.03768237990199652	0.1133391140978394
$0.1<SIFT<0.3$	0.2429053110163277	0.20097166592493693	0.08474261978934876	FRCH	Capra_hircus	SIFT	-0.041933645091390775	0.11622904613558817
$SIFT<0.1$	0.2432304315737185	0.20327887846136025	0.0824354072529255	FRCH	Capra_hircus	SIFT	-0.039951553112358235	0.12084347120843475
$1<S$	0.1694178726859511	0.14069813882897994	0.08152408339324227	ITCH	Capra_hircus	MutSel	-0.028719733856971158	0.05917405543573767
$0<S<1$	0.16863488687216965	0.14156296665007465	0.08065925557214755	ITCH	Capra_hircus	MutSel	-0.02707192022209501	0.060903711077927095
Synonymous	0.16877694383812908	0.14058525818438905	0.08163696403783315	ITCH	Capra_hircus	MutSel	-0.02819168565374003	0.058948294146555905
$-1<S<0$	0.17839927624729593	0.14567176350662592	0.07655045871559632	ITCH	Capra_hircus	MutSel	-0.03272751274067001	0.0691213047910296
$-3<S<-1$	0.18497324722958736	0.14827502869917225	0.07394719352304996	ITCH	Capra_hircus	MutSel	-0.036698218530415105	0.07432783517612229
$S<-3$	0.19185649202356864	0.15298863219655298	0.06923359002566923	ITCH	Capra_hircus	MutSel	-0.038867859827015655	0.08375504217088375
$1<S$	0.15068317281288413	0.13314500941619584	0.08907721280602636	ITCH	Capra_hircus	Omega	-0.01753816339668829	0.04406779661016948
$0<S<1$	0.16771214889918118	0.1413172448466566	0.0809049773755656	ITCH	Capra_hircus	Omega	-0.026394904052524593	0.06041226747109099
Synonymous	0.16877694383812908	0.14058525818438905	0.08163696403783315	ITCH	Capra_hircus	Omega	-0.02819168565374003	0.058948294146555905
$-1<S<0$	0.17787716618357152	0.14461789613304765	0.07760432608917457	ITCH	Capra_hircus	Omega	-0.03325927005052387	0.06701357004387308
$-3<S<-1$	0.17994242697606713	0.14686937387477494	0.07535284834744728	ITCH	Capra_hircus	Omega	-0.03307305310129219	0.07151652552732767
$S<-3$	0.1905895548246555	0.15128450832762946	0.07093771389459272	ITCH	Capra_hircus	Omega	-0.03930504649702604	0.08034679443303674
Synonymous	0.16876822998741126	0.14057573562385733	0.0816464865983649	ITCH	Capra_hircus	SIFT	-0.02819249436355392	0.05892924902549243
$0.8<SIFT$	0.19857088342782853	0.15870967741935485	0.06351254480286737	ITCH	Capra_hircus	SIFT	-0.039861206008473676	0.09519713261648748
$0.3<SIFT<0.8$	0.20140642336071146	0.15912234180835025	0.06309988041387198	ITCH	Capra_hircus	SIFT	-0.04228408155236121	0.09602246139447827
$0.1<SIFT<0.3$	0.20511945265068995	0.16125897760878752	0.060963244613434726	ITCH	Capra_hircus	SIFT	-0.043860475041902436	0.1002957329953528
$SIFT<0.1$	0.21287294458987244	0.1641680726279425	0.058054149594279736	ITCH	Capra_hircus	SIFT	-0.048704871961929935	0.10611392303366277
$1<S$	0.14879722160972447	0.09410287583608436	0.03923045749724897	MOCH	Capra_hircus	MutSel	-0.054694345773640116	0.05487241833883539
$0<S<1$	0.14850826322042873	0.0944355512983784	0.0388977820349549	MOCH	Capra_hircus	MutSel	-0.054072711922050334	0.0555377692634235
Synonymous	0.14479128855959075	0.09328889815751977	0.04004443517581356	MOCH	Capra_hircus	MutSel	-0.05150239040207098	0.05324446298170621
$-1<S<0$	0.15535237614006933	0.09640775384278223	0.036925579490551086	MOCH	Capra_hircus	MutSel	-0.0589446222972871	0.059482174352231146
$-3<S<-1$	0.16448748571454175	0.09888143541106084	0.03445189792227251	MOCH	Capra_hircus	MutSel	-0.0656060503034809	0.06442953748878832
$S<-3$	0.19352050756481934	0.10570677276005892	0.027626560573274426	MOCH	Capra_hircus	MutSel	-0.08781373480476042	0.0780802121867845
$1<S$	0.13296231745909035	0.08514938794317191	0.04818394539016143	MOCH	Capra_hircus	Omega	-0.04781292951591844	0.03696544255301048
$0<S<1$	0.14887844368063213	0.09495334479170804	0.03837998854162529	MOCH	Capra_hircus	Omega	-0.05392509888892409	0.05657335625008275
Synonymous	0.1447080653569022	0.0932442019593092	0.04008913137402414	MOCH	Capra_hircus	Omega	-0.051463863397593	0.05315507058528506
$-1<S<0$	0.1518263105407429	0.09552055450820493	0.03781277882512842	MOCH	Capra_hircus	Omega	-0.05630575603253796	0.05770777568307651
$-3<S<-1$	0.1615090664795794	0.09805860420115288	0.035274729132180424	MOCH	Capra_hircus	Omega	-0.06345046227842653	0.06278387506897246
$S<-3$	0.19073921750127887	0.10478850421882352	0.02854482911450982	MOCH	Capra_hircus	Omega	-0.08595071328245535	0.07624367510431371
Synonymous	0.1447914358240347	0.09323061518950787	0.04010271814382543	MOCH	Capra_hircus	SIFT	-0.05156082063452683	0.05312789704568244
$0.8<SIFT$	0.17772884725523286	0.10625925045802408	0.027074082875309283	MOCH	Capra_hircus	SIFT	-0.07146959679720878	0.0791851675827148
$0.3<SIFT<0.8$	0.18462586743008927	0.10772034391348057	0.025612989419852763	MOCH	Capra_hircus	SIFT	-0.0769055235166087	0.0821073544936278
$0.1<SIFT<0.3$	0.19109749230891926	0.10878473014673068	0.024548603186602614	MOCH	Capra_hircus	SIFT	-0.08231276216218858	0.08423612696012807
$SIFT<0.1$	0.20343255243183556	0.11145241720076067	0.02188091613257263	MOCH	Capra_hircus	SIFT	-0.09198013523107489	0.08957150106818804
$1<S$	0.12075781865662795	0.08237907050167208	0.05095426283166125	Canis	Canis_familiaris	MutSel	-0.03837874815495587	0.03142480767001083
$0<S<1$	0.12947102826542756	0.08564132036972391	0.047692012963609386	Canis	Canis_familiaris	MutSel	-0.043829707895703646	0.037949307406114526
Synonymous	0.12614615611263533	0.08391179009644009	0.04942154323689326	Canis	Canis_familiaris	MutSel	-0.042234366016195235	0.03449024685954683
$-1<S<0$	0.13776650565451246	0.08884747662699329	0.04448585670634005	Canis	Canis_familiaris	MutSel	-0.04891902902751917	0.04436161992065323
$-3<S<-1$	0.15547963400873396	0.0956383590062728	0.037694974327060544	Canis	Canis_familiaris	MutSel	-0.05984127500246117	0.05794338467921225
$S<-3$	0.2019371215740982	0.1101414210732444	0.023191912260088942	Canis	Canis_familiaris	MutSel	-0.09179570050085381	0.08694950881315545
$1<S$	0.1083261645156837	0.07727275189641189	0.05606058143692143	Canis	Canis_familiaris	Omega	-0.031053412619271817	0.021212170459490462
$0<S<1$	0.1277370510568007	0.08398495057704293	0.0493483827562904	Canis	Canis_familiaris	Omega	-0.04375210047975776	0.03463656782075253
Synonymous	0.12545614237489364	0.08371119225813059	0.04962214107520275	Canis	Canis_familiaris	Omega	-0.04174495011676305	0.03408905118292784
$-1<S<0$	0.13433508915096368	0.08683942544411133	0.046493907889222	Canis	Canis_familiaris	Omega	-0.04749566370685235	0.040345517554889326
$-3<S<-1$	0.15218290762262013	0.0940466546560634	0.03928667867726992	Canis	Canis_familiaris	Omega	-0.05813625296655672	0.054759975978793486
$S<-3$	0.1847006870111522	0.10540209320348876	0.027931240129844583	Canis	Canis_familiaris	Omega	-0.07929859380766344	0.07747085307364418
Synonymous	0.10452373499198826	0.08050455779088282	0.052828775542450516	Canis	Canis_familiaris	SIFT	-0.02401917720110544	0.027675782248432305
$0.8<SIFT$	0.14895650635689875	0.101019463024735	0.03231387030859832	Canis	Canis_familiaris	SIFT	-0.04793704333216375	0.06870559271613667
$0.3<SIFT<0.8$	0.15064465216789735	0.10100288259590508	0.03233045073742823	Canis	Canis_familiaris	SIFT	-0.049641769571992275	0.06867243185847685
$0.1<SIFT<0.3$	0.15846112882358335	0.10381791334389366	0.029515419989439705	Canis	Canis_familiaris	SIFT	-0.054643215479689686	0.07430249335445396
$SIFT<0.1$	0.16955157913556798	0.10654914887349216	0.02678418445984114	Canis	Canis_familiaris	SIFT	-0.06300243026207582	0.07976496441365102
